{
  "IcoMoonType": "selection",
  "icons": [
    {
      "icon": {
        "paths": [
          "M1088 128h-64v-64c0-35.2-28.8-64-64-64h-896c-35.2 0-64 28.8-64 64v768c0 35.2 28.8 64 64 64h64v64c0 35.2 28.8 64 64 64h896c35.2 0 64-28.8 64-64v-768c0-35.2-28.8-64-64-64zM128 192v640h-63.886c-0.040-0.034-0.082-0.076-0.114-0.116v-767.77c0.034-0.040 0.076-0.082 0.114-0.114h895.77c0.040 0.034 0.082 0.076 0.116 0.116v63.884h-768c-35.2 0-64 28.8-64 64v0zM1088 959.884c-0.034 0.040-0.076 0.082-0.116 0.116h-895.77c-0.040-0.034-0.082-0.076-0.114-0.116v-767.77c0.034-0.040 0.076-0.082 0.114-0.114h895.77c0.040 0.034 0.082 0.076 0.116 0.116v767.768z",
          "M960 352c0 53.020-42.98 96-96 96s-96-42.98-96-96 42.98-96 96-96 96 42.98 96 96z",
          "M1024 896h-768v-128l224-384 256 320h64l224-192z"
        ],
        "width": 1152,
        "attrs": [],
        "isMulticolor": false,
        "isMulticolor2": false,
        "tags": [
          "images",
          "pictures",
          "photos",
          "graphics"
        ],
        "defaultCode": 59662,
        "grid": 16
      },
      "attrs": [],
      "properties": {
        "ligatures": "images, pictures",
        "name": "scenes",
        "order": 2,
        "id": 0,
        "prevSize": 32,
        "code": 59662
      },
      "setIdx": 0,
      "setId": 2,
      "iconIdx": 0
    },
    {
      "icon": {
        "paths": [
          "M304 608c0 114.876 93.124 208 208 208s208-93.124 208-208-93.124-208-208-208-208 93.124-208 208zM960 256h-224c-16-64-32-128-96-128h-256c-64 0-80 64-96 128h-224c-35.2 0-64 28.8-64 64v576c0 35.2 28.8 64 64 64h896c35.2 0 64-28.8 64-64v-576c0-35.2-28.8-64-64-64zM512 892c-156.85 0-284-127.148-284-284 0-156.85 127.15-284 284-284 156.852 0 284 127.15 284 284 0 156.852-127.146 284-284 284zM960 448h-128v-64h128v64z"
        ],
        "attrs": [],
        "isMulticolor": false,
        "isMulticolor2": false,
        "tags": [
          "camera",
          "photo",
          "picture",
          "image"
        ],
        "defaultCode": 59663,
        "grid": 16
      },
      "attrs": [],
      "properties": {
        "ligatures": "camera, photo",
        "name": "snapshot",
        "order": 4,
        "id": 1,
        "prevSize": 32,
        "code": 59663
      },
      "setIdx": 0,
      "setId": 2,
      "iconIdx": 1
    },
    {
      "icon": {
        "paths": [
          "M917.806 229.076c-22.212-30.292-53.174-65.7-87.178-99.704s-69.412-64.964-99.704-87.178c-51.574-37.82-76.592-42.194-90.924-42.194h-496c-44.112 0-80 35.888-80 80v864c0 44.112 35.888 80 80 80h736c44.112 0 80-35.888 80-80v-624c0-14.332-4.372-39.35-42.194-90.924zM785.374 174.626c30.7 30.7 54.8 58.398 72.58 81.374h-153.954v-153.946c22.984 17.78 50.678 41.878 81.374 72.572zM896 944c0 8.672-7.328 16-16 16h-736c-8.672 0-16-7.328-16-16v-864c0-8.672 7.328-16 16-16 0 0 495.956-0.002 496 0v224c0 17.672 14.326 32 32 32h224v624z"
        ],
        "attrs": [],
        "isMulticolor": false,
        "isMulticolor2": false,
        "tags": [
          "file-empty",
          "file",
          "document",
          "paper",
          "page",
          "new",
          "empty",
          "blank"
        ],
        "defaultCode": 59684,
        "grid": 16
      },
      "attrs": [],
      "properties": {
        "ligatures": "file-empty, file3",
        "name": "file",
        "order": 7,
        "id": 2,
        "prevSize": 32,
        "code": 59684
      },
      "setIdx": 0,
      "setId": 2,
      "iconIdx": 2
    },
    {
      "icon": {
        "paths": [
          "M917.806 357.076c-22.21-30.292-53.174-65.7-87.178-99.704s-69.412-64.964-99.704-87.178c-51.574-37.82-76.592-42.194-90.924-42.194h-368c-44.114 0-80 35.888-80 80v736c0 44.112 35.886 80 80 80h608c44.112 0 80-35.888 80-80v-496c0-14.332-4.372-39.35-42.194-90.924zM785.374 302.626c30.7 30.7 54.8 58.398 72.58 81.374h-153.954v-153.946c22.982 17.78 50.678 41.878 81.374 72.572v0zM896 944c0 8.672-7.328 16-16 16h-608c-8.672 0-16-7.328-16-16v-736c0-8.672 7.328-16 16-16 0 0 367.956-0.002 368 0v224c0 17.672 14.324 32 32 32h224v496z",
          "M602.924 42.196c-51.574-37.822-76.592-42.196-90.924-42.196h-368c-44.112 0-80 35.888-80 80v736c0 38.632 27.528 70.958 64 78.39v-814.39c0-8.672 7.328-16 16-16h486.876c-9.646-7.92-19.028-15.26-27.952-21.804z"
        ],
        "attrs": [],
        "isMulticolor": false,
        "isMulticolor2": false,
        "tags": [
          "files-empty",
          "files",
          "documents",
          "papers",
          "pages"
        ],
        "defaultCode": 59685,
        "grid": 16
      },
      "attrs": [],
      "properties": {
        "ligatures": "files-empty, files",
        "name": "files",
        "order": 8,
        "id": 3,
        "prevSize": 32,
        "code": 59685
      },
      "setIdx": 0,
      "setId": 2,
      "iconIdx": 3
    },
    {
      "icon": {
        "paths": [
          "M832 960l192-512h-832l-192 512zM128 384l-128 576v-832h288l128 128h416v128z"
        ],
        "attrs": [],
        "isMulticolor": false,
        "isMulticolor2": false,
        "tags": [
          "folder-open",
          "directory",
          "category",
          "browse"
        ],
        "defaultCode": 59696,
        "grid": 16
      },
      "attrs": [],
      "properties": {
        "ligatures": "folder-open, directory2",
        "name": "open-folder",
        "order": 9,
        "id": 4,
        "prevSize": 32,
        "code": 59696
      },
      "setIdx": 0,
      "setId": 2,
      "iconIdx": 4
    },
    {
      "icon": {
        "paths": [
          "M512 576l256-256h-192v-256h-128v256h-192zM744.726 471.272l-71.74 71.742 260.080 96.986-421.066 157.018-421.066-157.018 260.080-96.986-71.742-71.742-279.272 104.728v256l512 192 512-192v-256z"
        ],
        "attrs": [],
        "isMulticolor": false,
        "isMulticolor2": false,
        "tags": [
          "download",
          "save",
          "store",
          "arrow"
        ],
        "defaultCode": 59744,
        "grid": 16
      },
      "attrs": [],
      "properties": {
        "ligatures": "download, save",
        "name": "load",
        "order": 10,
        "id": 5,
        "prevSize": 32,
        "code": 59744
      },
      "setIdx": 0,
      "setId": 2,
      "iconIdx": 5
    },
    {
      "icon": {
        "paths": [
          "M128 320v640c0 35.2 28.8 64 64 64h576c35.2 0 64-28.8 64-64v-640h-704zM320 896h-64v-448h64v448zM448 896h-64v-448h64v448zM576 896h-64v-448h64v448zM704 896h-64v-448h64v448z",
          "M848 128h-208v-80c0-26.4-21.6-48-48-48h-224c-26.4 0-48 21.6-48 48v80h-208c-26.4 0-48 21.6-48 48v80h832v-80c0-26.4-21.6-48-48-48zM576 128h-192v-63.198h192v63.198z"
        ],
        "attrs": [],
        "isMulticolor": false,
        "isMulticolor2": false,
        "tags": [
          "bin",
          "trashcan",
          "remove",
          "delete",
          "recycle",
          "dispose"
        ],
        "defaultCode": 59820,
        "grid": 16
      },
      "attrs": [],
      "properties": {
        "ligatures": "bin, trashcan",
        "name": "delete",
        "order": 16,
        "id": 7,
        "prevSize": 32,
        "code": 59820
      },
      "setIdx": 0,
      "setId": 2,
      "iconIdx": 7
    },
    {
      "icon": {
        "paths": [
          "M891.004 360.060c-3.242-128.698-108.458-232.060-237.862-232.060-75.792 0-143.266 35.494-186.854 90.732-24.442-31.598-62.69-51.96-105.708-51.96-73.81 0-133.642 59.876-133.642 133.722 0 6.436 0.48 12.76 1.364 18.954-11.222-2.024-22.766-3.138-34.57-3.138-106.998-0.002-193.732 86.786-193.732 193.842 0 107.062 86.734 193.848 193.73 193.848h91.76l226.51 234.51 226.51-234.51 111.482-0.012c96.138-0.184 174.008-78.21 174.008-174.446 0-82.090-56.678-150.9-132.996-169.482zM512 832l-192-192h128v-192h128v192h128l-192 192z"
        ],
        "attrs": [],
        "isMulticolor": false,
        "isMulticolor2": false,
        "tags": [
          "cloud-download",
          "cloud",
          "save",
          "download"
        ],
        "defaultCode": 59842,
        "grid": 16
      },
      "attrs": [],
      "properties": {
        "ligatures": "cloud-download, cloud2",
        "name": "cloud-download",
        "order": 17,
        "id": 8,
        "prevSize": 32,
        "code": 59842
      },
      "setIdx": 0,
      "setId": 2,
      "iconIdx": 8
    },
    {
      "icon": {
        "paths": [
          "M892.268 386.49c2.444-11.11 3.732-22.648 3.732-34.49 0-88.366-71.634-160-160-160-14.222 0-28.014 1.868-41.132 5.352-24.798-77.352-97.29-133.352-182.868-133.352-87.348 0-161.054 58.336-184.326 138.17-22.742-6.622-46.792-10.17-71.674-10.17-141.384 0-256 114.616-256 256 0 141.388 114.616 256 256 256h128v192h256v-192h224c88.366 0 160-71.632 160-160 0-78.72-56.854-144.162-131.732-157.51zM576 640v192h-128v-192h-160l224-224 224 224h-160z"
        ],
        "attrs": [],
        "isMulticolor": false,
        "isMulticolor2": false,
        "tags": [
          "cloud-upload",
          "cloud",
          "load",
          "upload"
        ],
        "defaultCode": 59843,
        "grid": 16
      },
      "attrs": [],
      "properties": {
        "ligatures": "cloud-upload, cloud3",
        "name": "cloud-upload",
        "order": 18,
        "id": 9,
        "prevSize": 32,
        "code": 59843
      },
      "setIdx": 0,
      "setId": 2,
      "iconIdx": 9
    },
    {
      "icon": {
        "width": 1088,
        "paths": [
          "M1024 960v-64h-64v-384h64v-64h-192v64h64v384h-192v-384h64v-64h-192v64h64v384h-192v-384h64v-64h-192v64h64v384h-192v-384h64v-64h-192v64h64v384h-64v64h-64v64h1088v-64h-64z",
          "M512 0h64l512 320v64h-1088v-64l512-320z"
        ],
        "tags": [
          "library",
          "bank",
          "building"
        ],
        "defaultCode": 59681,
        "grid": 16,
        "attrs": []
      },
      "attrs": [],
      "properties": {
        "ligatures": "library2, bank",
        "name": "file-model",
        "order": 5,
        "id": 34,
        "prevSize": 32,
        "code": 59681
      },
      "setIdx": 1,
      "setId": 1,
      "iconIdx": 33
    },
    {
      "icon": {
        "paths": [
          "M864 0h-768c-52.8 0-96 43.2-96 96v832c0 52.8 43.2 96 96 96h768c52.8 0 96-43.2 96-96v-832c0-52.8-43.2-96-96-96zM832 896h-704v-768h704v768zM256 448h448v64h-448zM256 576h448v64h-448zM256 704h448v64h-448zM256 320h448v64h-448z"
        ],
        "tags": [
          "file-text",
          "file",
          "document",
          "list",
          "paper"
        ],
        "defaultCode": 59682,
        "grid": 16,
        "attrs": []
      },
      "attrs": [],
      "properties": {
        "ligatures": "file-text, file",
        "name": "file-text",
        "order": 6,
        "id": 35,
        "prevSize": 32,
        "code": 59682
      },
      "setIdx": 1,
      "setId": 1,
      "iconIdx": 34
    },
    {
      "icon": {
        "paths": [
          "M933.79 610.25c-53.726-93.054-21.416-212.304 72.152-266.488l-100.626-174.292c-28.75 16.854-62.176 26.518-97.846 26.518-107.536 0-194.708-87.746-194.708-195.99h-201.258c0.266 33.41-8.074 67.282-25.958 98.252-53.724 93.056-173.156 124.702-266.862 70.758l-100.624 174.292c28.97 16.472 54.050 40.588 71.886 71.478 53.638 92.908 21.512 211.92-71.708 266.224l100.626 174.292c28.65-16.696 61.916-26.254 97.4-26.254 107.196 0 194.144 87.192 194.7 194.958h201.254c-0.086-33.074 8.272-66.57 25.966-97.218 53.636-92.906 172.776-124.594 266.414-71.012l100.626-174.29c-28.78-16.466-53.692-40.498-71.434-71.228zM512 719.332c-114.508 0-207.336-92.824-207.336-207.334 0-114.508 92.826-207.334 207.336-207.334 114.508 0 207.332 92.826 207.332 207.334-0.002 114.51-92.824 207.334-207.332 207.334z"
        ],
        "tags": [
          "cog",
          "gear",
          "preferences",
          "settings",
          "generate",
          "control",
          "options"
        ],
        "defaultCode": 59796,
        "grid": 16,
        "attrs": []
      },
      "attrs": [],
      "properties": {
        "ligatures": "cog, gear",
        "name": "tools",
        "order": 7,
        "id": 149,
        "prevSize": 32,
        "code": 59796
      },
      "setIdx": 1,
      "setId": 1,
      "iconIdx": 148
    }
  ],
  "height": 1024,
  "metadata": {
    "name": "icomoon"
  },
  "preferences": {
    "showGlyphs": true,
    "showQuickUse": true,
    "showQuickUse2": true,
    "showSVGs": true,
    "fontPref": {
      "prefix": "icon-",
      "metadata": {
        "fontFamily": "icomoon"
      },
      "metrics": {
        "emSize": 1024,
        "baseline": 6.25,
        "whitespace": 50
      },
      "embed": false
    },
    "imagePref": {
      "prefix": "icon-",
      "png": true,
      "useClassSelector": true,
      "color": 0,
      "bgColor": 16777215,
      "classSelector": ".icon"
    },
    "historySize": 100,
    "showCodes": true,
    "gridSize": 16
  }
}