{
  "IcoMoonType": "selection",
  "icons": [
    {
      "icon": {
        "paths": [
          "M929.813 189.867l-417.813-189.867-469.333 213.333v597.333l469.333 213.333 469.333-213.333v-597.333l-51.52-23.467zM512 93.76l314.667 143.040-314.667 143.040-314.773-143.040 314.773-143.040zM128 755.733v-456.747l341.333 155.093v456.747l-341.333-155.093zM896 755.733l-341.333 155.093v-456.747l341.333-155.093v456.747z"
        ],
        "attrs": [
          {}
        ],
        "isMulticolor": false,
        "isMulticolor2": false,
        "grid": 16,
        "tags": [
          "box"
        ]
      },
      "attrs": [
        {}
      ],
      "properties": {
        "order": 110,
        "id": 37,
        "name": "box",
        "prevSize": 32,
        "code": 59674
      },
      "setIdx": 0,
      "setId": 4,
      "iconIdx": 0
    },
    {
      "icon": {
        "paths": [
          "M512 0c-281.6 0-512 230.4-512 512s230.4 512 512 512c281.6 0 512-230.4 512-512s-230.4-512-512-512v0zM768 696.32l-71.68 71.68-184.32-184.32-184.32 184.32-71.68-71.68 184.32-184.32-184.32-184.32 71.68-71.68 184.32 184.32 184.32-184.32 71.68 71.68-184.32 184.32 184.32 184.32z"
        ],
        "attrs": [
          {}
        ],
        "isMulticolor": false,
        "isMulticolor2": false,
        "tags": [
          "cancel"
        ],
        "grid": 16
      },
      "attrs": [
        {}
      ],
      "properties": {
        "order": 20,
        "id": 0,
        "name": "cancel",
        "prevSize": 32,
        "code": 59672
      },
      "setIdx": 0,
      "setId": 4,
      "iconIdx": 1
    },
    {
      "icon": {
        "paths": [
          "M512 0c-282.752 0-512 229.248-512 512 0 282.795 229.248 512 512 512s512-229.205 512-512c0-282.752-229.248-512-512-512zM842.837 407.936l-367.232 367.232c-7.509 7.552-19.712 7.552-27.179 0l-54.272-54.827c-7.467-7.509-19.712-19.797-27.136-27.392l-126.293-132.779c-3.712-3.712-5.675-8.96-5.675-13.952 0-4.907 1.963-9.685 5.675-13.397l55.339-49.877c3.755-3.84 8.747-5.717 13.696-5.717 4.864 0.043 9.728 1.963 13.44 5.717l125.269 127.787c7.467 7.595 19.669 7.595 27.179 0l285.824-285.056c7.509-7.552 19.669-7.552 27.136 0l54.272 54.827c7.467 7.509 7.467 19.883-0.043 27.435z"
        ],
        "attrs": [
          {}
        ],
        "isMulticolor": false,
        "isMulticolor2": false,
        "tags": [
          "ok"
        ],
        "grid": 16
      },
      "attrs": [
        {}
      ],
      "properties": {
        "order": 19,
        "id": 1,
        "name": "ok",
        "prevSize": 32,
        "code": 59673
      },
      "setIdx": 0,
      "setId": 4,
      "iconIdx": 2
    },
    {
      "icon": {
        "paths": [
          "M704 832l-192 192-192-192h128v-192h128v192z",
          "M320 192l192-192 192 192h-128v192h-128v-192z",
          "M192 704l-192-192 192-192v128h192v128h-192z",
          "M832 320l192 192-192 192v-128h-192v-128h192z",
          "M506.276 259.659c-131.169-0.030-236.668 110.941-236.639 245.818 0.012 134.847 105.5 245.848 236.639 245.818 131.111-0.013 236.558-111.001 236.57-245.818 0.028-134.847-105.43-245.805-236.57-245.818zM506.276 301.014c106.949 0.011 194.5 90.646 194.476 204.463-0.010 113.791-87.551 204.384-194.476 204.395-106.949 0.025-194.535-90.578-194.546-204.395-0.024-113.842 87.572-204.487 194.546-204.463zM506.276 346.383c-91.576-0.015-166.978 71.061-166.991 159.095 0.013 88.033 75.414 159.109 166.991 159.095 91.546-0.026 166.908-71.090 166.921-159.095-0.013-88.005-75.375-159.069-166.921-159.095zM506.276 387.738c69.579 0.020 124.818 52.877 124.828 117.74-0.010 64.863-55.248 117.72-124.828 117.739-69.603 0.011-124.887-52.855-124.897-117.739 0.010-64.884 55.294-117.751 124.897-117.74z"
        ],
        "attrs": [
          {},
          {},
          {},
          {},
          {}
        ],
        "isMulticolor": false,
        "isMulticolor2": false,
        "tags": [
          "transform"
        ],
        "grid": 16
      },
      "attrs": [
        {},
        {},
        {},
        {},
        {}
      ],
      "properties": {
        "order": 105,
        "id": 2,
        "name": "transform",
        "prevSize": 32,
        "code": 59669
      },
      "setIdx": 0,
      "setId": 4,
      "iconIdx": 3
    },
    {
      "icon": {
        "paths": [
          "M511.313 80.313c-28.659 0.054-57.739 2.966-86.875 9-233.085 48.27-383.395 277.165-335.125 510.25s277.102 383.395 510.188 335.125l-12.188-58.75c-201.333 41.694-397.556-87.23-439.25-288.563s87.23-397.619 288.563-439.313c201.333-41.694 397.556 87.23 439.25 288.563 17.428 84.158 5.149 171.678-34.625 247.688l-41.063-23.75-20.375 197.375 160.75-116.313-47.313-27.313c47.118-88.782 61.785-191.259 41.375-289.813-42.236-203.95-222.701-344.565-423.313-344.188z"
        ],
        "attrs": [
          {}
        ],
        "isMulticolor": false,
        "isMulticolor2": false,
        "tags": [
          "rotate"
        ],
        "grid": 16
      },
      "attrs": [
        {}
      ],
      "properties": {
        "order": 106,
        "id": 3,
        "name": "rotate",
        "prevSize": 32,
        "code": 59670
      },
      "setIdx": 0,
      "setId": 4,
      "iconIdx": 4
    },
    {
      "icon": {
        "paths": [
          "M704 832l-192 192-192-192h128v-192h128v192z",
          "M320 192l192-192 192 192h-128v192h-128v-192z",
          "M192 704l-192-192 192-192v128h192v128h-192z",
          "M832 320l192 192-192 192v-128h-192v-128h192z"
        ],
        "attrs": [
          {},
          {},
          {},
          {}
        ],
        "isMulticolor": false,
        "isMulticolor2": false,
        "tags": [
          "move"
        ],
        "grid": 16
      },
      "attrs": [
        {},
        {},
        {},
        {}
      ],
      "properties": {
        "order": 107,
        "id": 4,
        "name": "move",
        "prevSize": 32,
        "code": 59671
      },
      "setIdx": 0,
      "setId": 4,
      "iconIdx": 5
    },
    {
      "icon": {
        "paths": [
          "M-2.962 432.728l0.453 282.999 477.686 311.334 0.583-276.235z",
          "M550.676 1027.060l482.864-327.36 0.162-276.043-484.773 333.995z",
          "M29.335 342.145l482.961 336.207 482.961-336.207-487.75-339.316z",
          "M1008.574 362.114l-497.809 339.314-484.472-322.036-18.077 26.607 502.802 334.181 515.885-351.71z",
          "M494.711 720.836v304.193h32.361v-304.193z"
        ],
        "attrs": [],
        "isMulticolor": false,
        "isMulticolor2": false,
        "colorPermutations": {},
        "tags": [
          "display-shaded"
        ],
        "grid": 16
      },
      "attrs": [],
      "properties": {
        "order": 101,
        "id": 5,
        "name": "display-shaded",
        "prevSize": 32,
        "code": 59668
      },
      "setIdx": 0,
      "setId": 4,
      "iconIdx": 6
    },
    {
      "icon": {
        "paths": [
          "M1012.351 325.508l-478.531-319.019c-11.485-7.657-26.456-7.657-37.906 0l-478.531 319.019c-9.502 6.324-15.21 17.023-15.21 28.439v319.019c0 11.417 5.708 22.116 15.21 28.439l478.531 319.019c5.742 3.828 12.339 5.743 18.97 5.743s13.228-1.914 18.97-5.743l478.531-319.019c9.502-6.324 15.21-17.023 15.21-28.439v-319.019c0-11.417-5.708-22.116-15.21-28.439zM514.849 631.914l-177.638-118.44 177.638-118.44 177.638 118.44zM549.030 335.66v-236.88l382.722 255.168-177.638 118.44zM480.668 335.66l-205.085 136.727-177.638-118.44 382.722-255.168zM213.956 513.474l-143.457 95.641v-191.282zM275.584 554.56l205.085 136.727v236.88l-382.722-255.168zM549.030 691.288l205.085-136.727 177.638 118.44-382.722 255.168zM815.743 513.474l143.457-95.641v191.282z"
        ],
        "attrs": [],
        "isMulticolor": false,
        "isMulticolor2": false,
        "colorPermutations": {},
        "tags": [
          "display-wireframe"
        ],
        "grid": 16
      },
      "attrs": [],
      "properties": {
        "order": 108,
        "id": 6,
        "name": "display-wireframe",
        "prevSize": 32,
        "code": 59664
      },
      "setIdx": 0,
      "setId": 4,
      "iconIdx": 7
    },
    {
      "icon": {
        "paths": [
          "M512.659 1.463c-9.62 0-19.24 2.782-27.561 8.346l-463.682 309.121c-13.835 9.207-22.126 24.822-22.126 41.406v309.121c0 16.585 8.291 32.135 22.126 41.341l463.682 309.121c8.316 5.544 18.012 8.411 27.625 8.411s19.245-2.865 27.561-8.411l463.746-309.121c13.835-9.207 22.126-24.757 22.126-41.341v-309.121c0-16.584-8.291-32.199-22.126-41.406l-4.205-2.716-459.606-306.404c-8.329-5.552-17.941-8.346-27.561-8.346zM503.536 37.369c5.552-3.712 12.707-3.735 18.309 0l463.811 309.252c4.553 3.054 7.375 8.193 7.375 13.716v309.121c0 5.543-2.793 10.731-7.375 13.781l-463.746 309.121c-2.814 1.875-5.948 2.845-9.187 2.845s-6.438-0.971-9.252-2.845l-463.746-309.123c-4.583-3.049-7.311-8.237-7.311-13.781v-309.121c0-5.543 2.728-10.731 7.311-13.78zM496.096 82.075l-417.294 278.261 201.983 134.634 215.311-143.497v-8.864zM529.221 82.075v269.398l215.311 143.497 201.983-134.634zM462.971 143.925v189.82l-182.186 121.436-142.333-94.845zM562.346 143.925l324.519 216.411-142.333 94.845-182.186-121.436zM512.659 380.198l-201.983 134.699 201.983 134.699 9.187-6.146 192.796-128.553zM65.474 391.261v247.271l185.421-123.635-20.638-13.781zM959.843 391.261l-185.421 123.635 185.421 123.635zM512.659 420.051l142.268 94.845-142.268 94.845-142.268-94.845zM98.599 453.111l92.646 61.786-92.646 61.785zM926.718 453.111v123.571l-92.646-61.785zM280.785 534.823l-9.187 6.082-192.796 128.617 417.294 278.196v-269.398zM744.532 534.823l-215.311 143.497v269.398l417.294-278.196zM280.785 574.611l182.186 121.436v189.82l-324.519-216.346zM744.532 574.611l142.333 94.91-324.519 216.346v-189.82z"
        ],
        "attrs": [],
        "isMulticolor": false,
        "isMulticolor2": false,
        "colorPermutations": {},
        "tags": [
          "display-mesh"
        ],
        "grid": 16
      },
      "attrs": [],
      "properties": {
        "order": 97,
        "id": 7,
        "name": "display-mesh",
        "prevSize": 32,
        "code": 59665
      },
      "setIdx": 0,
      "setId": 4,
      "iconIdx": 8
    },
    {
      "icon": {
        "paths": [
          "M-0.904 394.545v235.639l165.458-117.82z",
          "M235.634 562.979l-204.881 145.906 441.419 314.34v-291.812z",
          "M306.714 512.365l204.881 145.906 204.881-145.906-204.881-145.906z",
          "M30.753 315.844l204.881 145.906 236.538-168.434v-291.812z",
          "M551.018 1.504v291.812l236.538 168.434 204.881-145.906z",
          "M1024.094 394.545l-165.458 117.82 165.458 117.82z",
          "M992.437 708.885l-441.419 314.34v-291.812l236.538-168.434z"
        ],
        "attrs": [],
        "isMulticolor": false,
        "isMulticolor2": false,
        "colorPermutations": {},
        "tags": [
          "display-analysis"
        ],
        "grid": 16
      },
      "attrs": [],
      "properties": {
        "order": 98,
        "id": 8,
        "name": "display-analysis",
        "prevSize": 32,
        "code": 59666
      },
      "setIdx": 0,
      "setId": 4,
      "iconIdx": 9
    },
    {
      "icon": {
        "paths": [
          "M1.685 430.507l0.435 282.515 472.34 310.805 0.584-275.787z",
          "M549.147 1023.826l477.485-326.809 0.16-275.574-479.365 333.445z",
          "M33.63 340.077l477.57 335.663 477.57-335.663-482.298-338.755z"
        ],
        "attrs": [],
        "isMulticolor": false,
        "isMulticolor2": false,
        "colorPermutations": {},
        "tags": [
          "display-shaded"
        ],
        "grid": 16
      },
      "attrs": [],
      "properties": {
        "order": 99,
        "id": 9,
        "name": "display-rendered",
        "prevSize": 32,
        "code": 59667
      },
      "setIdx": 0,
      "setId": 4,
      "iconIdx": 10
    },
    {
      "icon": {
        "paths": [
          "M424.16 467.648c-11.968 14.336-15.968 34.368-10.88 53.696l2.88 10.656 96.896 130.496c62.048 83.328 96.608 130.912 95.872 131.488-1.984 1.504-16.48-4.768-39.936-17.376-36.48-19.776-52.832-22.080-74.464-11.008-29.216 14.752-39.072 53.664-20.16 79.52 5.792 8 9.696 10.368 155.744 91.264 101.696 56.576 152.512 83.808 158.368 85.408 15.808 3.904 12.736 5.792 121.888-76.736 60.448-45.696 99.872-76.384 103.2-80.288 17.088-20.032 18.688-47.456 4.512-78.72-12.192-27.296-89.12-139.136-133.088-193.856-26.144-32.384-27.36-33.76-36.224-38.784-12.288-6.784-26.016-9.728-38.304-7.808-8.512 1.152-11.584 2.528-21.824 10.304-6.496 4.896-12.64 10.24-13.6 11.904-1.376 2.624-2.752 2.336-8.8-1.856-9.696-6.432-28.992-9.76-41.312-6.912-10.144 2.4-24.512 11.392-30.848 19.648-3.36 4.384-3.712 4.416-7.456 1.024-5.6-5.408-21.728-11.808-31.68-12.576-18.080-1.472-38.272 7.104-49.632 21.184l-3.744 4.672-48.416-64c-47.104-62.24-48.64-64.064-56.32-68.832-10.624-6.656-20.288-9.92-29.568-10.272-16.16-0.672-34.208 6.784-43.232 17.728zM464.64 489.664c2.304-0.576 7.040-0.256 10.208 0.576l6.080 1.6 78.848 105.536c85.12 113.888 82.688 110.912 93.344 111.328 5.824 0.192 12.288-4.736 14.848-11.232 3.36-8.288 0.352-14.976-18.528-40.192-13.504-18.048-16.96-23.488-17.312-27.36-1.696-16.416 18.72-29.312 33.344-21.056 3.072 1.792 11.904 12.576 31.008 38.112l26.752 35.808 6.688 1.376c11.584 2.688 18.816-2.272 20.384-14.016 0.864-6.144 0.64-6.464-13.536-26.752l-14.368-20.576 0.896-8.48c0.8-6.784 2.016-9.344 6.016-12.352 2.848-2.176 7.52-4.064 10.368-4.416 10.4-0.992 12 0.352 35.232 31.456 23.584 31.552 28.288 36.032 37.632 34.944 6.944-0.672 11.424-4.032 13.856-10.24 3.072-7.616-0.032-16.032-11.552-31.456-9.536-12.768-10.080-13.76-9.536-20.352 0.8-12.32 9.92-19.424 22.144-17.216 5.504 1.12 8.384 2.848 14.048 9.152 12.384 13.152 99.872 134.208 120 165.6 27.488 43.072 32.384 55.904 26.432 69.376-2.944 7.040-4.064 7.904-100.48 80.288l-97.472 73.024-288.384-158.656 1.216-5.984c1.152-7.072 5.824-13.12 13.184-16.608 9.696-4.832 14.112-3.328 54.432 17.664 33.632 17.536 49.664 19.872 63.904 9.12 8.48-6.4 11.968-12.512 13.6-22.88 2.4-15.616 9.344-4.768-100.096-152.832-89.632-121.28-98.688-133.952-99.36-138.752-1.376-10.208 6.112-21.152 16.224-23.52z",
          "M133.927 279.57l311.466-271.334 112.371 126.901-311.466 271.334-112.371-126.901z",
          "M1.698 396.646l112.321 126.845 123.74-107.796-112.321-126.845zM18.488 396.72l104.856-91.346 97.624 110.247-104.856 91.346z",
          "M116.112 506.966h291.953v33.328h-291.953v-33.328z"
        ],
        "attrs": [],
        "isMulticolor": false,
        "isMulticolor2": false,
        "colorPermutations": {},
        "tags": [
          "pick-nothing"
        ],
        "grid": 16
      },
      "attrs": [],
      "properties": {
        "order": 94,
        "id": 10,
        "name": "pick-nothing",
        "prevSize": 32,
        "code": 59654
      },
      "setIdx": 0,
      "setId": 4,
      "iconIdx": 11
    },
    {
      "icon": {
        "paths": [
          "M0.002 747.298l468.288 270.292v-396.030l-468.288-270.394v396.132zM876.308 217.29v41.612c0 30.824-59.018 55.802-131.92 55.802-72.816 0-131.872-24.978-131.872-55.802v-68.848h0.418c4.426 29.084 61.482 52.126 131.448 52.126 72.908 0 131.92-25.002 131.92-55.716 0-30.862-59.012-55.79-131.92-55.79-5.782 0-11.51 0.176-17.1 0.506l-84.892-48.992v52.348c0 30.824-58.966 55.8-131.818 55.8-45.778 0-86.094-9.876-109.778-24.886-3.36-3.444-7.508-6.804-12.498-9.938-6.198-6.468-9.642-13.522-9.642-20.976v-50.656l-82.046 47.352c-5.918-0.278-11.882-0.558-17.988-0.558-72.814 0-131.872 24.928-131.872 55.79 0 30.714 59.058 55.716 131.872 55.716 69.966 0 127.074-23.042 131.498-52.126h0.372v68.848c0 30.824-58.966 55.802-131.868 55.802-72.814 0-131.872-24.978-131.872-55.802v-41.056l-101.578 58.552 469.868 271.19 466.794-269.428-105.526-60.87zM643.464 389.75c0 30.824-59.060 55.756-131.872 55.756-72.858 0-131.916-24.934-131.916-55.756v-68.852h0.416c4.432 29.090 61.49 52.168 131.5 52.168 69.97 0 127.022-23.078 131.498-52.168h0.374v68.852zM555.648 625.074v392.608l468.352-270.384v-392.592l-468.352 270.368zM510.57 117.808c72.858 0 131.818-24.938 131.818-55.744 0-30.776-58.966-55.746-131.818-55.746-72.864 0-131.918 24.97-131.918 55.746-0 30.806 59.054 55.744 131.918 55.744z"
        ],
        "attrs": [],
        "isMulticolor": false,
        "isMulticolor2": false,
        "colorPermutations": {},
        "tags": [
          "lego-3d"
        ],
        "grid": 16
      },
      "attrs": [],
      "properties": {
        "order": 91,
        "id": 11,
        "name": "file-model",
        "prevSize": 32,
        "code": 59661
      },
      "setIdx": 0,
      "setId": 4,
      "iconIdx": 12
    },
    {
      "icon": {
        "paths": [
          "M424.155 467.636c-11.97 14.335-15.968 34.356-10.882 53.695l2.885 10.669 96.898 130.49c62.051 83.328 96.62 130.913 95.886 131.477-1.999 1.504-16.474-4.77-39.933-17.366-36.467-19.763-52.84-22.066-74.477-10.997-29.229 14.757-39.073 53.648-20.144 79.521 5.795 8.013 9.692 10.363 155.736 91.27 101.681 56.586 152.522 83.821 158.367 85.396 15.816 3.901 12.729 5.781 121.876-76.748 60.457-45.706 99.859-76.396 103.2-80.297 17.082-20.045 18.701-47.444 4.504-78.722-12.198-27.306-89.104-139.138-133.086-193.844-26.142-32.382-27.356-33.745-36.213-38.773-12.299-6.768-26.015-9.729-38.289-7.802-8.503 1.151-11.59 2.538-21.814 10.292-6.504 4.911-12.653 10.246-13.59 11.89-1.367 2.632-2.758 2.327-8.807-1.856-9.692-6.439-29.001-9.775-41.3-6.909-10.148 2.397-24.497 11.397-30.849 19.645-3.366 4.394-3.72 4.418-7.44 1.034-5.593-5.404-21.738-11.82-31.684-12.572-18.094-1.481-38.263 7.097-49.626 21.196l-3.745 4.676-48.411-64.011c-47.095-62.249-48.639-64.058-56.307-68.829-10.629-6.65-20.296-9.917-29.558-10.269-16.146-0.658-34.214 6.791-43.223 17.742zM464.646 489.654c2.303-0.587 7.035-0.265 10.198 0.564l6.074 1.598 78.855 105.534c85.105 113.9 82.676 110.916 93.355 111.339 5.82 0.176 12.299-4.723 14.855-11.233 3.366-8.295 0.355-14.969-18.524-40.207-13.488-18.047-16.955-23.476-17.31-27.353-1.696-16.402 18.727-29.327 33.329-21.055 3.087 1.786 11.919 12.572 31 38.115l26.749 35.813 6.681 1.363c11.59 2.703 18.828-2.28 20.397-14.029 0.861-6.157 0.633-6.462-13.539-26.742l-14.374-20.585 0.886-8.483c0.785-6.791 2.025-9.329 6.023-12.361 2.859-2.162 7.516-4.065 10.376-4.418 10.401-0.987 11.995 0.353 35.227 31.465 23.586 31.559 28.293 36.024 37.631 34.943 6.934-0.658 11.438-4.042 13.843-10.246 3.087-7.614-0.046-16.026-11.565-31.442-9.54-12.784-10.072-13.747-9.54-20.35 0.785-12.314 9.92-19.434 22.143-17.201 5.517 1.105 8.376 2.844 14.045 9.141 12.375 13.16 99.859 134.203 120.003 165.598 27.483 43.074 32.392 55.904 26.42 69.369-2.936 7.050-4.074 7.896-100.466 80.296l-97.48 73.012-288.392-158.666 1.215-5.969c1.164-7.073 5.82-13.136 13.185-16.614 9.692-4.817 14.121-3.337 54.434 17.648 33.632 17.53 49.651 19.88 63.899 9.118 8.478-6.415 11.97-12.502 13.59-22.888 2.404-15.603 9.338-4.77-100.112-152.838-89.635-121.279-98.695-133.945-99.353-138.738-1.392-10.198 6.099-21.149 16.221-23.522z",
          "M351.744 260.696c0 44.398-34.626 80.39-77.34 80.39s-77.34-35.992-77.34-80.39c0-44.398 34.626-80.39 77.34-80.39s77.34 35.992 77.34 80.39z"
        ],
        "attrs": [],
        "isMulticolor": false,
        "isMulticolor2": false,
        "colorPermutations": {},
        "tags": [
          "pick-point"
        ],
        "grid": 16
      },
      "attrs": [],
      "properties": {
        "order": 89,
        "id": 12,
        "name": "pick-point",
        "prevSize": 32,
        "code": 59655
      },
      "setIdx": 0,
      "setId": 4,
      "iconIdx": 13
    },
    {
      "icon": {
        "paths": [
          "M424.155 467.636c-11.97 14.335-15.968 34.356-10.882 53.695l2.885 10.669 96.898 130.49c62.051 83.328 96.62 130.913 95.886 131.477-1.999 1.504-16.474-4.77-39.933-17.366-36.467-19.763-52.84-22.066-74.477-10.997-29.229 14.757-39.073 53.648-20.144 79.521 5.795 8.013 9.692 10.363 155.736 91.27 101.681 56.586 152.522 83.821 158.367 85.396 15.816 3.901 12.729 5.781 121.876-76.748 60.457-45.706 99.859-76.396 103.2-80.297 17.082-20.045 18.701-47.444 4.504-78.722-12.198-27.306-89.104-139.138-133.086-193.844-26.142-32.382-27.356-33.745-36.213-38.773-12.299-6.768-26.015-9.729-38.289-7.802-8.503 1.151-11.59 2.538-21.814 10.292-6.504 4.911-12.653 10.246-13.59 11.89-1.367 2.632-2.758 2.327-8.807-1.856-9.692-6.439-29.001-9.775-41.3-6.909-10.148 2.397-24.497 11.397-30.849 19.645-3.366 4.394-3.72 4.418-7.44 1.034-5.593-5.404-21.738-11.82-31.684-12.572-18.094-1.481-38.263 7.097-49.626 21.196l-3.745 4.676-48.411-64.011c-47.095-62.249-48.639-64.058-56.307-68.829-10.629-6.65-20.296-9.917-29.558-10.269-16.146-0.658-34.214 6.791-43.223 17.742zM464.646 489.654c2.303-0.587 7.035-0.265 10.198 0.564l6.074 1.598 78.855 105.534c85.105 113.9 82.676 110.916 93.355 111.339 5.82 0.176 12.299-4.723 14.855-11.233 3.366-8.295 0.355-14.969-18.524-40.207-13.488-18.047-16.955-23.476-17.31-27.353-1.696-16.402 18.727-29.327 33.329-21.055 3.087 1.786 11.919 12.572 31 38.115l26.749 35.813 6.681 1.363c11.59 2.703 18.828-2.28 20.397-14.029 0.861-6.157 0.633-6.462-13.539-26.742l-14.374-20.585 0.886-8.483c0.785-6.791 2.025-9.329 6.023-12.361 2.859-2.162 7.516-4.065 10.376-4.418 10.401-0.987 11.995 0.353 35.227 31.465 23.586 31.559 28.293 36.024 37.631 34.943 6.934-0.658 11.438-4.042 13.843-10.246 3.087-7.614-0.046-16.026-11.565-31.442-9.54-12.784-10.072-13.747-9.54-20.35 0.785-12.314 9.92-19.434 22.143-17.201 5.517 1.105 8.376 2.844 14.045 9.141 12.375 13.16 99.859 134.203 120.003 165.598 27.483 43.074 32.392 55.904 26.42 69.369-2.936 7.050-4.074 7.896-100.466 80.296l-97.48 73.012-288.392-158.666 1.215-5.969c1.164-7.073 5.82-13.136 13.185-16.614 9.692-4.817 14.121-3.337 54.434 17.648 33.632 17.53 49.651 19.88 63.899 9.118 8.478-6.415 11.97-12.502 13.59-22.888 2.404-15.603 9.338-4.77-100.112-152.838-89.635-121.279-98.695-133.945-99.353-138.738-1.392-10.198 6.099-21.149 16.221-23.522z",
          "M415.23 5.086c-20.355 0.664-36.604 17.324-36.604 37.78 0 3.068 0.366 6.051 1.056 8.908-0.053-0.258 23.6 111.348 18.92 195.343-2.34 41.998-14.93 72.551-22.617 78.516-3.843 2.982-6.43 4.731-18.684 2.566-11.912-2.104-31.902-10.27-58.094-28.121-8.647-8.877-47.262-45.268-106.625-46.609-33.603-0.759-72.402 12.904-105.629 45.758s-62.464 83.271-88.070 159.52c-1.362 3.742-2.15 8.062-2.15 12.566 0 20.876 16.923 37.799 37.799 37.799 16.767 0 30.985-10.917 35.931-26.032 23.283-69.374 48.556-109.262 69.634-130.103s36.38-24.263 50.777-23.938c28.794 0.651 57.34 26.848 57.34 26.848l2.633 2.758 3.137 2.172c32.889 22.815 61.782 36.807 90.164 41.82s57.511-1.25 78.176-17.285c41.33-32.069 48.938-83.55 51.75-134.027 5.625-100.954-20.621-216.059-20.621-216.059-3.656-17.357-18.842-30.199-37.027-30.199-0.42 0-0.839 0.007-1.256 0.020z"
        ],
        "attrs": [],
        "isMulticolor": false,
        "isMulticolor2": false,
        "colorPermutations": {},
        "tags": [
          "pick-curve"
        ],
        "grid": 16
      },
      "attrs": [],
      "properties": {
        "order": 90,
        "id": 13,
        "name": "pick-curve",
        "prevSize": 32,
        "code": 59656
      },
      "setIdx": 0,
      "setId": 4,
      "iconIdx": 14
    },
    {
      "icon": {
        "paths": [
          "M424.155 467.636c-11.97 14.335-15.968 34.356-10.882 53.695l2.885 10.669 96.898 130.49c62.051 83.328 96.62 130.913 95.886 131.477-1.999 1.504-16.474-4.77-39.933-17.366-36.467-19.763-52.84-22.066-74.477-10.997-29.229 14.757-39.073 53.648-20.144 79.521 5.795 8.013 9.692 10.363 155.736 91.27 101.681 56.586 152.522 83.821 158.367 85.396 15.816 3.901 12.729 5.781 121.876-76.748 60.457-45.706 99.859-76.396 103.2-80.297 17.082-20.045 18.701-47.444 4.504-78.722-12.198-27.306-89.104-139.138-133.086-193.844-26.142-32.382-27.356-33.745-36.213-38.773-12.299-6.768-26.015-9.729-38.289-7.802-8.503 1.151-11.59 2.538-21.814 10.292-6.504 4.911-12.653 10.246-13.59 11.89-1.367 2.632-2.758 2.327-8.807-1.856-9.692-6.439-29.001-9.775-41.3-6.909-10.148 2.397-24.497 11.397-30.849 19.645-3.366 4.394-3.72 4.418-7.44 1.034-5.593-5.404-21.738-11.82-31.684-12.572-18.094-1.481-38.263 7.097-49.626 21.196l-3.745 4.676-48.411-64.011c-47.095-62.249-48.639-64.058-56.307-68.829-10.629-6.65-20.296-9.917-29.558-10.269-16.146-0.658-34.214 6.791-43.223 17.742zM464.646 489.654c2.303-0.587 7.035-0.265 10.198 0.564l6.074 1.598 78.855 105.534c85.105 113.9 82.676 110.916 93.355 111.339 5.82 0.176 12.299-4.723 14.855-11.233 3.366-8.295 0.355-14.969-18.524-40.207-13.488-18.047-16.955-23.476-17.31-27.353-1.696-16.402 18.727-29.327 33.329-21.055 3.087 1.786 11.919 12.572 31 38.115l26.749 35.813 6.681 1.363c11.59 2.703 18.828-2.28 20.397-14.029 0.861-6.157 0.633-6.462-13.539-26.742l-14.374-20.585 0.886-8.483c0.785-6.791 2.025-9.329 6.023-12.361 2.859-2.162 7.516-4.065 10.376-4.418 10.401-0.987 11.995 0.353 35.227 31.465 23.586 31.559 28.293 36.024 37.631 34.943 6.934-0.658 11.438-4.042 13.843-10.246 3.087-7.614-0.046-16.026-11.565-31.442-9.54-12.784-10.072-13.747-9.54-20.35 0.785-12.314 9.92-19.434 22.143-17.201 5.517 1.105 8.376 2.844 14.045 9.141 12.375 13.16 99.859 134.203 120.003 165.598 27.483 43.074 32.392 55.904 26.42 69.369-2.936 7.050-4.074 7.896-100.466 80.296l-97.48 73.012-288.392-158.666 1.215-5.969c1.164-7.073 5.82-13.136 13.185-16.614 9.692-4.817 14.121-3.337 54.434 17.648 33.632 17.53 49.651 19.88 63.899 9.118 8.478-6.415 11.97-12.502 13.59-22.888 2.404-15.603 9.338-4.77-100.112-152.838-89.635-121.279-98.695-133.945-99.353-138.738-1.392-10.198 6.099-21.149 16.221-23.522z",
          "M25.941 136.375c-0-0-0-0-0-0-5.78 0-10.465 4.685-10.465 10.465 0 0 0 0 0 0l-0 353.121c-0 0-0 0-0 0 0 5.78 4.685 10.465 10.465 10.465 0 0 0-0 0-0l358.426 0c0 0 0 0 0 0 5.78 0 10.465-4.685 10.465-10.465 0-0-0-0-0-0l0-353.121c0-0 0-0 0-0 0-5.78-4.685-10.465-10.465-10.465-0 0-0 0-0 0zM36.402 157.305h337.504v332.191h-337.504z",
          "M152.445 11.746c-0-0-0-0-0-0-5.778 0-10.463 4.683-10.465 10.461l-0 353.121c-0 0-0 0-0 0 0 5.78 4.685 10.465 10.465 10.465 0 0 0-0 0-0l358.426 0c0 0 0 0 0 0 5.78 0 10.465-4.685 10.465-10.465 0-0-0-0-0-0l0-353.121c-0.002-5.778-4.687-10.461-10.465-10.461-0 0-0 0-0 0zM162.91 32.672h337.5v332.195h-337.5z",
          "M153.477 11.641c-2.829 0.066-5.37 1.244-7.214 3.112l-127.665 125.775c-1.944 1.902-3.15 4.552-3.15 7.484 0 5.78 4.685 10.465 10.465 10.465 2.876 0 5.482-1.16 7.373-3.039l127.663-125.773c1.992-1.908 3.23-4.59 3.23-7.561 0-5.78-4.685-10.465-10.465-10.465-0.084 0-0.167 0.001-0.251 0.003z",
          "M510.746 11.641c-2.829 0.066-5.37 1.244-7.214 3.112l-127.665 125.775c-1.944 1.902-3.15 4.552-3.15 7.484 0 5.78 4.685 10.465 10.465 10.465 2.876 0 5.482-1.16 7.373-3.039l127.66-125.773c1.992-1.908 3.23-4.59 3.23-7.561 0-5.78-4.685-10.465-10.465-10.465-0.082 0-0.165 0.001-0.247 0.003z",
          "M510.746 363.621c-2.829 0.066-5.37 1.244-7.214 3.112l-127.665 125.775c-2.002 1.91-3.246 4.598-3.246 7.576 0 5.78 4.685 10.465 10.465 10.465 2.924 0 5.568-1.199 7.467-3.133l127.662-125.775c1.99-1.908 3.226-4.588 3.226-7.557 0-5.78-4.685-10.465-10.465-10.465-0.081 0-0.162 0.001-0.242 0.003z",
          "M153.477 363.621c-2.829 0.066-5.37 1.244-7.214 3.112l-127.665 125.775c-2.002 1.91-3.246 4.598-3.246 7.576 0 5.78 4.685 10.465 10.465 10.465 2.924 0 5.568-1.199 7.467-3.133l127.666-125.775c1.99-1.908 3.226-4.588 3.226-7.557 0-5.78-4.685-10.465-10.465-10.465-0.082 0-0.164 0.001-0.246 0.003z",
          "M510.172 21.496l-126.215 124.344h-358.016v2h357.426v352.121h2v-352.703l126.207-124.336z"
        ],
        "attrs": [],
        "isMulticolor": false,
        "isMulticolor2": false,
        "colorPermutations": {},
        "tags": [
          "pick-model"
        ],
        "grid": 16
      },
      "attrs": [],
      "properties": {
        "order": 85,
        "id": 14,
        "name": "pick-model",
        "prevSize": 32,
        "code": 59657
      },
      "setIdx": 0,
      "setId": 4,
      "iconIdx": 15
    },
    {
      "icon": {
        "paths": [
          "M424.155 467.636c-11.97 14.335-15.968 34.356-10.882 53.695l2.885 10.669 96.898 130.49c62.051 83.328 96.62 130.913 95.886 131.477-1.999 1.504-16.474-4.77-39.933-17.366-36.467-19.763-52.84-22.066-74.477-10.997-29.229 14.757-39.073 53.648-20.144 79.521 5.795 8.013 9.692 10.363 155.736 91.27 101.681 56.586 152.522 83.821 158.367 85.396 15.816 3.901 12.729 5.781 121.876-76.748 60.457-45.706 99.859-76.396 103.2-80.297 17.082-20.045 18.701-47.444 4.504-78.722-12.198-27.306-89.104-139.138-133.086-193.844-26.142-32.382-27.356-33.745-36.213-38.773-12.299-6.768-26.015-9.729-38.289-7.802-8.503 1.151-11.59 2.538-21.814 10.292-6.504 4.911-12.653 10.246-13.59 11.89-1.367 2.632-2.758 2.327-8.807-1.856-9.692-6.439-29.001-9.775-41.3-6.909-10.148 2.397-24.497 11.397-30.849 19.645-3.366 4.394-3.72 4.418-7.44 1.034-5.593-5.404-21.738-11.82-31.684-12.572-18.094-1.481-38.263 7.097-49.626 21.196l-3.745 4.676-48.411-64.011c-47.095-62.249-48.639-64.058-56.307-68.829-10.629-6.65-20.296-9.917-29.558-10.269-16.146-0.658-34.214 6.791-43.223 17.742zM464.646 489.654c2.303-0.587 7.035-0.265 10.198 0.564l6.074 1.598 78.855 105.534c85.105 113.9 82.676 110.916 93.355 111.339 5.82 0.176 12.299-4.723 14.855-11.233 3.366-8.295 0.355-14.969-18.524-40.207-13.488-18.047-16.955-23.476-17.31-27.353-1.696-16.402 18.727-29.327 33.329-21.055 3.087 1.786 11.919 12.572 31 38.115l26.749 35.813 6.681 1.363c11.59 2.703 18.828-2.28 20.397-14.029 0.861-6.157 0.633-6.462-13.539-26.742l-14.374-20.585 0.886-8.483c0.785-6.791 2.025-9.329 6.023-12.361 2.859-2.162 7.516-4.065 10.376-4.418 10.401-0.987 11.995 0.353 35.227 31.465 23.586 31.559 28.293 36.024 37.631 34.943 6.934-0.658 11.438-4.042 13.843-10.246 3.087-7.614-0.046-16.026-11.565-31.442-9.54-12.784-10.072-13.747-9.54-20.35 0.785-12.314 9.92-19.434 22.143-17.201 5.517 1.105 8.376 2.844 14.045 9.141 12.375 13.16 99.859 134.203 120.003 165.598 27.483 43.074 32.392 55.904 26.42 69.369-2.936 7.050-4.074 7.896-100.466 80.296l-97.48 73.012-288.392-158.666 1.215-5.969c1.164-7.073 5.82-13.136 13.185-16.614 9.692-4.817 14.121-3.337 54.434 17.648 33.632 17.53 49.651 19.88 63.899 9.118 8.478-6.415 11.97-12.502 13.59-22.888 2.404-15.603 9.338-4.77-100.112-152.838-89.635-121.279-98.695-133.945-99.353-138.738-1.392-10.198 6.099-21.149 16.221-23.522z",
          "M25.941 136.375c-0-0-0-0-0-0-5.78 0-10.465 4.685-10.465 10.465 0 0 0 0 0 0l-0 353.121c-0 0-0 0-0 0 0 5.78 4.685 10.465 10.465 10.465 0 0 0-0 0-0l358.426 0c0 0 0 0 0 0 5.78 0 10.465-4.685 10.465-10.465 0-0-0-0-0-0l0-353.121c0-0 0-0 0-0 0-5.78-4.685-10.465-10.465-10.465-0 0-0 0-0 0zM36.402 157.305h337.504v332.191h-337.504z",
          "M152.445 11.746c-0-0-0-0-0-0-5.778 0-10.463 4.683-10.465 10.461l-0 353.121c-0 0-0 0-0 0 0 5.78 4.685 10.465 10.465 10.465 0 0 0-0 0-0l358.426 0c0 0 0 0 0 0 5.78 0 10.465-4.685 10.465-10.465 0-0-0-0-0-0l0-353.121c-0.002-5.778-4.687-10.461-10.465-10.461-0 0-0 0-0 0zM162.91 32.672h337.5v332.195h-337.5z",
          "M153.477 11.641c-2.829 0.066-5.37 1.244-7.214 3.112l-127.665 125.775c-1.944 1.902-3.15 4.552-3.15 7.484 0 5.78 4.685 10.465 10.465 10.465 2.876 0 5.482-1.16 7.373-3.039l127.663-125.773c1.992-1.908 3.23-4.59 3.23-7.561 0-5.78-4.685-10.465-10.465-10.465-0.084 0-0.167 0.001-0.251 0.003z",
          "M510.746 11.641c-2.829 0.066-5.37 1.244-7.214 3.112l-127.665 125.775c-1.944 1.902-3.15 4.552-3.15 7.484 0 5.78 4.685 10.465 10.465 10.465 2.876 0 5.482-1.16 7.373-3.039l127.66-125.773c1.992-1.908 3.23-4.59 3.23-7.561 0-5.78-4.685-10.465-10.465-10.465-0.082 0-0.165 0.001-0.247 0.003z",
          "M510.746 363.621c-2.829 0.066-5.37 1.244-7.214 3.112l-127.665 125.775c-2.002 1.91-3.246 4.598-3.246 7.576 0 5.78 4.685 10.465 10.465 10.465 2.924 0 5.568-1.199 7.467-3.133l127.662-125.775c1.99-1.908 3.226-4.588 3.226-7.557 0-5.78-4.685-10.465-10.465-10.465-0.081 0-0.162 0.001-0.242 0.003z",
          "M153.477 363.621c-2.829 0.066-5.37 1.244-7.214 3.112l-127.665 125.775c-2.002 1.91-3.246 4.598-3.246 7.576 0 5.78 4.685 10.465 10.465 10.465 2.924 0 5.568-1.199 7.467-3.133l127.666-125.775c1.99-1.908 3.226-4.588 3.226-7.557 0-5.78-4.685-10.465-10.465-10.465-0.082 0-0.164 0.001-0.246 0.003z",
          "M510.172 21.496l-126.215 124.344h-358.016v2h357.426v352.121h2v-352.703l126.207-124.336z",
          "M26.090 108.043c-0.157-0.002-0.341-0.004-0.526-0.004-20.876 0-37.799 16.923-37.799 37.799s16.923 37.799 37.799 37.799c0.081 0 0.161-0 0.242-0.001l321.765 1.266v315.059c-0.001 0.121-0.002 0.264-0.002 0.407 0 20.876 16.923 37.799 37.799 37.799s37.799-16.923 37.799-37.799c0-0.143-0.001-0.286-0.002-0.428l0-390.326z",
          "M511.117-15.242c-10.219 0.233-19.401 4.487-26.062 11.234l-126.211 124.34c-7.186 6.892-11.652 16.573-11.652 27.296 0 20.876 16.923 37.799 37.799 37.799 10.523 0 20.043-4.3 26.896-11.24l126.211-124.34c7.189-6.892 11.656-16.575 11.656-27.3 0-20.876-16.923-37.799-37.799-37.799-0.294 0-0.588 0.003-0.881 0.010z"
        ],
        "attrs": [],
        "isMulticolor": false,
        "isMulticolor2": false,
        "colorPermutations": {},
        "tags": [
          "pick-edge"
        ],
        "grid": 16
      },
      "attrs": [],
      "properties": {
        "order": 86,
        "id": 15,
        "name": "pick-edge",
        "prevSize": 32,
        "code": 59658
      },
      "setIdx": 0,
      "setId": 4,
      "iconIdx": 16
    },
    {
      "icon": {
        "paths": [
          "M424.155 467.636c-11.97 14.335-15.968 34.356-10.882 53.695l2.885 10.669 96.898 130.49c62.051 83.328 96.62 130.913 95.886 131.477-1.999 1.504-16.474-4.77-39.933-17.366-36.467-19.763-52.84-22.066-74.477-10.997-29.229 14.757-39.073 53.648-20.144 79.521 5.795 8.013 9.692 10.363 155.736 91.27 101.681 56.586 152.522 83.821 158.367 85.396 15.816 3.901 12.729 5.781 121.876-76.748 60.457-45.706 99.859-76.396 103.2-80.297 17.082-20.045 18.701-47.444 4.504-78.722-12.198-27.306-89.104-139.138-133.086-193.844-26.142-32.382-27.356-33.745-36.213-38.773-12.299-6.768-26.015-9.729-38.289-7.802-8.503 1.151-11.59 2.538-21.814 10.292-6.504 4.911-12.653 10.246-13.59 11.89-1.367 2.632-2.758 2.327-8.807-1.856-9.692-6.439-29.001-9.775-41.3-6.909-10.148 2.397-24.497 11.397-30.849 19.645-3.366 4.394-3.72 4.418-7.44 1.034-5.593-5.404-21.738-11.82-31.684-12.572-18.094-1.481-38.263 7.097-49.626 21.196l-3.745 4.676-48.411-64.011c-47.095-62.249-48.639-64.058-56.307-68.829-10.629-6.65-20.296-9.917-29.558-10.269-16.146-0.658-34.214 6.791-43.223 17.742zM464.646 489.654c2.303-0.587 7.035-0.265 10.198 0.564l6.074 1.598 78.855 105.534c85.105 113.9 82.676 110.916 93.355 111.339 5.82 0.176 12.299-4.723 14.855-11.233 3.366-8.295 0.355-14.969-18.524-40.207-13.488-18.047-16.955-23.476-17.31-27.353-1.696-16.402 18.727-29.327 33.329-21.055 3.087 1.786 11.919 12.572 31 38.115l26.749 35.813 6.681 1.363c11.59 2.703 18.828-2.28 20.397-14.029 0.861-6.157 0.633-6.462-13.539-26.742l-14.374-20.585 0.886-8.483c0.785-6.791 2.025-9.329 6.023-12.361 2.859-2.162 7.516-4.065 10.376-4.418 10.401-0.987 11.995 0.353 35.227 31.465 23.586 31.559 28.293 36.024 37.631 34.943 6.934-0.658 11.438-4.042 13.843-10.246 3.087-7.614-0.046-16.026-11.565-31.442-9.54-12.784-10.072-13.747-9.54-20.35 0.785-12.314 9.92-19.434 22.143-17.201 5.517 1.105 8.376 2.844 14.045 9.141 12.375 13.16 99.859 134.203 120.003 165.598 27.483 43.074 32.392 55.904 26.42 69.369-2.936 7.050-4.074 7.896-100.466 80.296l-97.48 73.012-288.392-158.666 1.215-5.969c1.164-7.073 5.82-13.136 13.185-16.614 9.692-4.817 14.121-3.337 54.434 17.648 33.632 17.53 49.651 19.88 63.899 9.118 8.478-6.415 11.97-12.502 13.59-22.888 2.404-15.603 9.338-4.77-100.112-152.838-89.635-121.279-98.695-133.945-99.353-138.738-1.392-10.198 6.099-21.149 16.221-23.522z",
          "M25.941 136.375c-0-0-0-0-0-0-5.78 0-10.465 4.685-10.465 10.465 0 0 0 0 0 0l-0 353.121c-0 0-0 0-0 0 0 5.78 4.685 10.465 10.465 10.465 0 0 0-0 0-0l358.426 0c0 0 0 0 0 0 5.78 0 10.465-4.685 10.465-10.465 0-0-0-0-0-0l0-353.121c0-0 0-0 0-0 0-5.78-4.685-10.465-10.465-10.465-0 0-0 0-0 0zM36.402 157.305h337.504v332.191h-337.504z",
          "M152.445 11.746c-0-0-0-0-0-0-5.778 0-10.463 4.683-10.465 10.461l-0 353.121c-0 0-0 0-0 0 0 5.78 4.685 10.465 10.465 10.465 0 0 0-0 0-0l358.426 0c0 0 0 0 0 0 5.78 0 10.465-4.685 10.465-10.465 0-0-0-0-0-0l0-353.121c-0.002-5.778-4.687-10.461-10.465-10.461-0 0-0 0-0 0zM162.91 32.672h337.5v332.195h-337.5z",
          "M153.477 11.641c-2.829 0.066-5.37 1.244-7.214 3.112l-127.665 125.775c-1.944 1.902-3.15 4.552-3.15 7.484 0 5.78 4.685 10.465 10.465 10.465 2.876 0 5.482-1.16 7.373-3.039l127.663-125.773c1.992-1.908 3.23-4.59 3.23-7.561 0-5.78-4.685-10.465-10.465-10.465-0.084 0-0.167 0.001-0.251 0.003z",
          "M510.746 11.641c-2.829 0.066-5.37 1.244-7.214 3.112l-127.665 125.775c-1.944 1.902-3.15 4.552-3.15 7.484 0 5.78 4.685 10.465 10.465 10.465 2.876 0 5.482-1.16 7.373-3.039l127.66-125.773c1.992-1.908 3.23-4.59 3.23-7.561 0-5.78-4.685-10.465-10.465-10.465-0.082 0-0.165 0.001-0.247 0.003z",
          "M510.746 363.621c-2.829 0.066-5.37 1.244-7.214 3.112l-127.665 125.775c-2.002 1.91-3.246 4.598-3.246 7.576 0 5.78 4.685 10.465 10.465 10.465 2.924 0 5.568-1.199 7.467-3.133l127.662-125.775c1.99-1.908 3.226-4.588 3.226-7.557 0-5.78-4.685-10.465-10.465-10.465-0.081 0-0.162 0.001-0.242 0.003z",
          "M153.477 363.621c-2.829 0.066-5.37 1.244-7.214 3.112l-127.665 125.775c-2.002 1.91-3.246 4.598-3.246 7.576 0 5.78 4.685 10.465 10.465 10.465 2.924 0 5.568-1.199 7.467-3.133l127.666-125.775c1.99-1.908 3.226-4.588 3.226-7.557 0-5.78-4.685-10.465-10.465-10.465-0.082 0-0.164 0.001-0.246 0.003z",
          "M510.172 21.496l-126.215 124.344h-358.016v2h357.426v352.121h2v-352.703l126.207-124.336z",
          "M384.711 96.645c-28.841 0-52.707 23.866-52.707 52.707s23.866 52.707 52.707 52.707c28.841 0 52.707-23.866 52.707-52.707s-23.866-52.707-52.707-52.707zM384.711 142c4.329 0 7.355 3.022 7.355 7.352s-3.026 7.352-7.355 7.352c-4.329 0-7.352-3.022-7.352-7.352s3.022-7.352 7.352-7.352z",
          "M379.66 446.277c-28.841 0-52.707 23.866-52.707 52.707s23.866 52.707 52.707 52.707c28.841 0 52.707-23.866 52.707-52.707s-23.866-52.707-52.707-52.707zM379.66 491.629c4.329 0 7.352 3.026 7.352 7.355s-3.022 7.352-7.352 7.352c-4.329 0-7.352-3.022-7.352-7.352s3.022-7.355 7.352-7.355z",
          "M508.34 321.125c-28.841 0-52.707 23.866-52.707 52.707s23.866 52.707 52.707 52.707c28.841 0 52.707-23.866 52.707-52.707s-23.866-52.707-52.707-52.707zM508.34 366.477c4.329 0 7.352 3.026 7.352 7.355s-3.022 7.352-7.352 7.352c-4.329 0-7.352-3.022-7.352-7.352s3.022-7.355 7.352-7.355z",
          "M511.66-26.672c-28.841 0-52.707 23.866-52.707 52.707s23.866 52.707 52.707 52.707c28.841 0 52.707-23.866 52.707-52.707s-23.866-52.707-52.707-52.707zM511.66 18.68c4.329 0 7.352 3.026 7.352 7.355s-3.022 7.352-7.352 7.352c-4.329 0-7.352-3.022-7.352-7.352s3.022-7.355 7.352-7.355z",
          "M30.371 101.328c-28.841 0-52.707 23.866-52.707 52.707s23.866 52.707 52.707 52.707c28.841 0 52.707-23.866 52.707-52.707s-23.866-52.707-52.707-52.707zM30.371 146.68c4.329 0 7.355 3.026 7.355 7.355s-3.026 7.352-7.355 7.352c-4.329 0-7.352-3.022-7.352-7.352s3.022-7.355 7.352-7.355z",
          "M154.035-22.672c-28.841 0-52.707 23.866-52.707 52.707s23.866 52.707 52.707 52.707c28.841 0 52.707-23.866 52.707-52.707s-23.866-52.707-52.707-52.707zM154.035 22.68c4.329 0 7.352 3.026 7.352 7.355s-3.022 7.352-7.352 7.352c-4.329 0-7.355-3.022-7.355-7.352s3.026-7.355 7.355-7.355z",
          "M28.203 446.277c-28.841 0-52.707 23.866-52.707 52.707s23.866 52.707 52.707 52.707c28.841 0 52.707-23.866 52.707-52.707s-23.866-52.707-52.707-52.707zM28.203 491.629c4.329 0 7.352 3.026 7.352 7.355s-3.022 7.352-7.352 7.352c-4.329 0-7.352-3.022-7.352-7.352s3.022-7.355 7.352-7.355z",
          "M154.035 322.613c-28.841 0-52.707 23.866-52.707 52.707s23.866 52.707 52.707 52.707c28.841 0 52.707-23.866 52.707-52.707s-23.866-52.707-52.707-52.707zM154.035 367.969c4.329 0 7.352 3.022 7.352 7.352s-3.022 7.355-7.352 7.355c-4.329 0-7.355-3.026-7.355-7.355s3.026-7.352 7.355-7.352z"
        ],
        "attrs": [],
        "isMulticolor": false,
        "isMulticolor2": false,
        "colorPermutations": {},
        "tags": [
          "pick-vertex"
        ],
        "grid": 16
      },
      "attrs": [],
      "properties": {
        "order": 87,
        "id": 16,
        "name": "pick-vertex",
        "prevSize": 32,
        "code": 59659
      },
      "setIdx": 0,
      "setId": 4,
      "iconIdx": 17
    },
    {
      "icon": {
        "paths": [
          "M424.155 467.636c-11.97 14.335-15.968 34.356-10.882 53.695l2.885 10.669 96.898 130.49c62.051 83.328 96.62 130.913 95.886 131.477-1.999 1.504-16.474-4.77-39.933-17.366-36.467-19.763-52.84-22.066-74.477-10.997-29.229 14.757-39.073 53.648-20.144 79.521 5.795 8.013 9.692 10.363 155.736 91.27 101.681 56.586 152.522 83.821 158.367 85.396 15.816 3.901 12.729 5.781 121.876-76.748 60.457-45.706 99.859-76.396 103.2-80.297 17.082-20.045 18.701-47.444 4.504-78.722-12.198-27.306-89.104-139.138-133.086-193.844-26.142-32.382-27.356-33.745-36.213-38.773-12.299-6.768-26.015-9.729-38.289-7.802-8.503 1.151-11.59 2.538-21.814 10.292-6.504 4.911-12.653 10.246-13.59 11.89-1.367 2.632-2.758 2.327-8.807-1.856-9.692-6.439-29.001-9.775-41.3-6.909-10.148 2.397-24.497 11.397-30.849 19.645-3.366 4.394-3.72 4.418-7.44 1.034-5.593-5.404-21.738-11.82-31.684-12.572-18.094-1.481-38.263 7.097-49.626 21.196l-3.745 4.676-48.411-64.011c-47.095-62.249-48.639-64.058-56.307-68.829-10.629-6.65-20.296-9.917-29.558-10.269-16.146-0.658-34.214 6.791-43.223 17.742zM464.646 489.654c2.303-0.587 7.035-0.265 10.198 0.564l6.074 1.598 78.855 105.534c85.105 113.9 82.676 110.916 93.355 111.339 5.82 0.176 12.299-4.723 14.855-11.233 3.366-8.295 0.355-14.969-18.524-40.207-13.488-18.047-16.955-23.476-17.31-27.353-1.696-16.402 18.727-29.327 33.329-21.055 3.087 1.786 11.919 12.572 31 38.115l26.749 35.813 6.681 1.363c11.59 2.703 18.828-2.28 20.397-14.029 0.861-6.157 0.633-6.462-13.539-26.742l-14.374-20.585 0.886-8.483c0.785-6.791 2.025-9.329 6.023-12.361 2.859-2.162 7.516-4.065 10.376-4.418 10.401-0.987 11.995 0.353 35.227 31.465 23.586 31.559 28.293 36.024 37.631 34.943 6.934-0.658 11.438-4.042 13.843-10.246 3.087-7.614-0.046-16.026-11.565-31.442-9.54-12.784-10.072-13.747-9.54-20.35 0.785-12.314 9.92-19.434 22.143-17.201 5.517 1.105 8.376 2.844 14.045 9.141 12.375 13.16 99.859 134.203 120.003 165.598 27.483 43.074 32.392 55.904 26.42 69.369-2.936 7.050-4.074 7.896-100.466 80.296l-97.48 73.012-288.392-158.666 1.215-5.969c1.164-7.073 5.82-13.136 13.185-16.614 9.692-4.817 14.121-3.337 54.434 17.648 33.632 17.53 49.651 19.88 63.899 9.118 8.478-6.415 11.97-12.502 13.59-22.888 2.404-15.603 9.338-4.77-100.112-152.838-89.635-121.279-98.695-133.945-99.353-138.738-1.392-10.198 6.099-21.149 16.221-23.522z",
          "M392.369 146.839l126.504-124.631v351.979l-126.504 125.773z",
          "M17.941 155.982h357.269v351.979l-357.269-0z",
          "M25.941 138.839h358.428l126.504-124.631h-357.269z"
        ],
        "attrs": [],
        "isMulticolor": false,
        "isMulticolor2": false,
        "colorPermutations": {},
        "tags": [
          "pick-face"
        ],
        "grid": 16
      },
      "attrs": [],
      "properties": {
        "order": 88,
        "id": 17,
        "name": "pick-face",
        "prevSize": 32,
        "code": 59660
      },
      "setIdx": 0,
      "setId": 4,
      "iconIdx": 18
    },
    {
      "icon": {
        "paths": [
          "M800.383 714.382l31.052-53.782 48.888 28.226-31.052 53.782-48.888-28.226z",
          "M718.901 667.318l31.052-53.782 48.888 28.226-31.052 53.782-48.888-28.226z",
          "M555.972 573.252l31.052-53.782 48.888 28.226-31.052 53.782-48.888-28.226z",
          "M637.41 620.279l31.052-53.782 48.888 28.226-31.052 53.782-48.888-28.226z",
          "M511.997 0l-443.403 256.001v511.999l443.407 256.001 443.407-256.001v-511.999l-443.411-256.001zM480.947 934.36l-350.247-202.216v-404.431l350.247 202.216v404.431zM511.997 476.145l-350.245-202.216 350.245-202.216 350.247 202.216-350.247 202.216zM543.051 934.36v-404.433l350.245-202.216v404.433h0.002l-350.247 202.216z",
          "M388.070 547.648l48.888-28.226 31.052 53.782-48.888 28.226-31.052-53.782z",
          "M143.584 688.842l48.888-28.226 31.052 53.782-48.888 28.226-31.052-53.782z",
          "M306.579 594.743l48.888-28.226 31.052 53.782-48.888 28.226-31.052-53.782z",
          "M225.084 641.779l48.888-28.226 31.052 53.782-48.888 28.226-31.052-53.782z",
          "M480.945 292.747h62.106v56.454h-62.106v-56.454z",
          "M480.945 386.857h62.106v56.454h-62.106v-56.454z",
          "M480.945 198.656h62.106v56.454h-62.106v-56.454z",
          "M480.945 104.544h62.106v56.454h-62.106v-56.454z",
          "M543.051 934.36l350.247-202.216-0.002-404.433-350.245 202.216z"
        ],
        "attrs": [],
        "isMulticolor": false,
        "isMulticolor2": false,
        "colorPermutations": {},
        "tags": [
          "rightView"
        ],
        "grid": 16
      },
      "attrs": [],
      "properties": {
        "order": 59,
        "id": 18,
        "name": "view-right",
        "prevSize": 32,
        "code": 59648
      },
      "setIdx": 0,
      "setId": 4,
      "iconIdx": 19
    },
    {
      "icon": {
        "paths": [
          "M800.383 714.382l31.052-53.782 48.888 28.226-31.052 53.782-48.888-28.226z",
          "M718.901 667.318l31.052-53.782 48.888 28.226-31.052 53.782-48.888-28.226z",
          "M555.972 573.252l31.052-53.782 48.888 28.226-31.052 53.782-48.888-28.226z",
          "M637.41 620.279l31.052-53.782 48.888 28.226-31.052 53.782-48.888-28.226z",
          "M511.997 0l-443.403 256.001v511.999l443.407 256.001 443.407-256.001v-511.999l-443.411-256.001zM480.947 934.36l-350.247-202.216v-404.431l350.247 202.216v404.431zM511.997 476.145l-350.245-202.216 350.245-202.216 350.247 202.216-350.247 202.216zM543.051 934.36v-404.433l350.245-202.216v404.433h0.002l-350.247 202.216z",
          "M388.070 547.648l48.888-28.226 31.052 53.782-48.888 28.226-31.052-53.782z",
          "M143.584 688.842l48.888-28.226 31.052 53.782-48.888 28.226-31.052-53.782z",
          "M306.579 594.743l48.888-28.226 31.052 53.782-48.888 28.226-31.052-53.782z",
          "M225.084 641.779l48.888-28.226 31.052 53.782-48.888 28.226-31.052-53.782z",
          "M480.945 292.747h62.106v56.454h-62.106v-56.454z",
          "M480.945 386.857h62.106v56.454h-62.106v-56.454z",
          "M480.945 198.656h62.106v56.454h-62.106v-56.454z",
          "M480.945 104.544h62.106v56.454h-62.106v-56.454z",
          "M130.7 732.143l350.247-202.214-350.247-202.216z",
          "M511.997 476.145v-404.433l-350.245 202.216 350.245 202.216"
        ],
        "attrs": [],
        "isMulticolor": false,
        "isMulticolor2": false,
        "colorPermutations": {},
        "tags": [
          "leftView"
        ],
        "grid": 16
      },
      "attrs": [],
      "properties": {
        "order": 60,
        "id": 19,
        "name": "view-left",
        "prevSize": 32,
        "code": 59649
      },
      "setIdx": 0,
      "setId": 4,
      "iconIdx": 20
    },
    {
      "icon": {
        "paths": [
          "M800.383 714.382l31.052-53.782 48.888 28.226-31.052 53.782-48.888-28.226z",
          "M718.901 667.318l31.052-53.782 48.888 28.226-31.052 53.782-48.888-28.226z",
          "M555.972 573.252l31.052-53.782 48.888 28.226-31.052 53.782-48.888-28.226z",
          "M637.41 620.279l31.052-53.782 48.888 28.226-31.052 53.782-48.888-28.226z",
          "M511.997 0l-443.403 256.001v511.999l443.407 256.001 443.407-256.001v-511.999l-443.411-256.001zM480.947 934.36l-350.247-202.216v-404.431l350.247 202.216v404.431zM511.997 476.145l-350.245-202.216 350.245-202.216 350.247 202.216-350.247 202.216zM543.051 934.36v-404.433l350.245-202.216v404.433h0.002l-350.247 202.216z",
          "M388.070 547.648l48.888-28.226 31.052 53.782-48.888 28.226-31.052-53.782z",
          "M143.584 688.842l48.888-28.226 31.052 53.782-48.888 28.226-31.052-53.782z",
          "M306.579 594.743l48.888-28.226 31.052 53.782-48.888 28.226-31.052-53.782z",
          "M225.084 641.779l48.888-28.226 31.052 53.782-48.888 28.226-31.052-53.782z",
          "M480.945 292.747h62.106v56.454h-62.106v-56.454z",
          "M480.945 386.857h62.106v56.454h-62.106v-56.454z",
          "M480.945 198.656h62.106v56.454h-62.106v-56.454z",
          "M480.945 104.544h62.106v56.454h-62.106v-56.454z",
          "M543.051 529.927l350.247 202.216-0.002-404.433z",
          "M511.997 71.712v404.433l350.247-202.216z"
        ],
        "attrs": [],
        "isMulticolor": false,
        "isMulticolor2": false,
        "colorPermutations": {},
        "tags": [
          "backView"
        ],
        "grid": 16
      },
      "attrs": [],
      "properties": {
        "order": 61,
        "id": 20,
        "name": "view-back",
        "prevSize": 32,
        "code": 59650
      },
      "setIdx": 0,
      "setId": 4,
      "iconIdx": 21
    },
    {
      "icon": {
        "paths": [
          "M800.383 714.382l31.052-53.782 48.888 28.226-31.052 53.782-48.888-28.226z",
          "M718.901 667.318l31.052-53.782 48.888 28.226-31.052 53.782-48.888-28.226z",
          "M555.972 573.252l31.052-53.782 48.888 28.226-31.052 53.782-48.888-28.226z",
          "M637.41 620.279l31.052-53.782 48.888 28.226-31.052 53.782-48.888-28.226z",
          "M511.997 0l-443.403 256.001v511.999l443.407 256.001 443.407-256.001v-511.999l-443.411-256.001zM480.947 934.36l-350.247-202.216v-404.431l350.247 202.216v404.431zM511.997 476.145l-350.245-202.216 350.245-202.216 350.247 202.216-350.247 202.216zM543.051 934.36v-404.433l350.245-202.216v404.433h0.002l-350.247 202.216z",
          "M388.070 547.648l48.888-28.226 31.052 53.782-48.888 28.226-31.052-53.782z",
          "M143.584 688.842l48.888-28.226 31.052 53.782-48.888 28.226-31.052-53.782z",
          "M306.579 594.743l48.888-28.226 31.052 53.782-48.888 28.226-31.052-53.782z",
          "M225.084 641.779l48.888-28.226 31.052 53.782-48.888 28.226-31.052-53.782z",
          "M480.945 292.747h62.106v56.454h-62.106v-56.454z",
          "M480.945 386.857h62.106v56.454h-62.106v-56.454z",
          "M480.945 198.656h62.106v56.454h-62.106v-56.454z",
          "M480.945 104.544h62.106v56.454h-62.106v-56.454z",
          "M130.7 732.143l350.247 202.216v-404.431l-350.247-202.216z"
        ],
        "attrs": [],
        "isMulticolor": false,
        "isMulticolor2": false,
        "colorPermutations": {},
        "tags": [
          "frontView"
        ],
        "grid": 16
      },
      "attrs": [],
      "properties": {
        "order": 62,
        "id": 21,
        "name": "view-front",
        "prevSize": 32,
        "code": 59651
      },
      "setIdx": 0,
      "setId": 4,
      "iconIdx": 22
    },
    {
      "icon": {
        "paths": [
          "M800.383 714.382l31.052-53.782 48.888 28.226-31.052 53.782-48.888-28.226z",
          "M718.901 667.318l31.052-53.782 48.888 28.226-31.052 53.782-48.888-28.226z",
          "M555.972 573.252l31.052-53.782 48.888 28.226-31.052 53.782-48.888-28.226z",
          "M637.41 620.279l31.052-53.782 48.888 28.226-31.052 53.782-48.888-28.226z",
          "M511.997 0l-443.403 256.001v511.999l443.407 256.001 443.407-256.001v-511.999l-443.411-256.001zM480.947 934.36l-350.247-202.216v-404.431l350.247 202.216v404.431zM511.997 476.145l-350.245-202.216 350.245-202.216 350.247 202.216-350.247 202.216zM543.051 934.36v-404.433l350.245-202.216v404.433h0.002l-350.247 202.216z",
          "M388.070 547.648l48.888-28.226 31.052 53.782-48.888 28.226-31.052-53.782z",
          "M143.584 688.842l48.888-28.226 31.052 53.782-48.888 28.226-31.052-53.782z",
          "M306.579 594.743l48.888-28.226 31.052 53.782-48.888 28.226-31.052-53.782z",
          "M225.084 641.779l48.888-28.226 31.052 53.782-48.888 28.226-31.052-53.782z",
          "M480.945 292.747h62.106v56.454h-62.106v-56.454z",
          "M480.945 386.857h62.106v56.454h-62.106v-56.454z",
          "M480.945 198.656h62.106v56.454h-62.106v-56.454z",
          "M480.945 104.544h62.106v56.454h-62.106v-56.454z",
          "M130.7 732.143l350.247 202.216v-404.431z",
          "M543.051 934.36l350.247-202.216-350.247-202.216z"
        ],
        "attrs": [],
        "isMulticolor": false,
        "isMulticolor2": false,
        "colorPermutations": {},
        "tags": [
          "bottomView"
        ],
        "grid": 16
      },
      "attrs": [],
      "properties": {
        "order": 63,
        "id": 22,
        "name": "view-bottom",
        "prevSize": 32,
        "code": 59652
      },
      "setIdx": 0,
      "setId": 4,
      "iconIdx": 23
    },
    {
      "icon": {
        "paths": [
          "M800.383 714.382l31.052-53.782 48.888 28.226-31.052 53.782-48.888-28.226z",
          "M718.901 667.318l31.052-53.782 48.888 28.226-31.052 53.782-48.888-28.226z",
          "M555.972 573.252l31.052-53.782 48.888 28.226-31.052 53.782-48.888-28.226z",
          "M637.41 620.279l31.052-53.782 48.888 28.226-31.052 53.782-48.888-28.226z",
          "M511.997 0l-443.403 256.001v511.999l443.407 256.001 443.407-256.001v-511.999l-443.411-256.001zM480.947 934.36l-350.247-202.216v-404.431l350.247 202.216v404.431zM511.997 476.145l-350.245-202.216 350.245-202.216 350.247 202.216-350.247 202.216zM543.051 934.36v-404.433l350.245-202.216v404.433h0.002l-350.247 202.216z",
          "M388.070 547.648l48.888-28.226 31.052 53.782-48.888 28.226-31.052-53.782z",
          "M143.584 688.842l48.888-28.226 31.052 53.782-48.888 28.226-31.052-53.782z",
          "M306.579 594.743l48.888-28.226 31.052 53.782-48.888 28.226-31.052-53.782z",
          "M225.084 641.779l48.888-28.226 31.052 53.782-48.888 28.226-31.052-53.782z",
          "M480.945 292.747h62.106v56.454h-62.106v-56.454z",
          "M480.945 386.857h62.106v56.454h-62.106v-56.454z",
          "M480.945 198.656h62.106v56.454h-62.106v-56.454z",
          "M480.945 104.544h62.106v56.454h-62.106v-56.454z",
          "M161.752 273.929l350.245 202.216 350.247-202.216-350.247-202.216z"
        ],
        "attrs": [],
        "isMulticolor": false,
        "isMulticolor2": false,
        "colorPermutations": {},
        "tags": [
          "topView"
        ],
        "grid": 16
      },
      "attrs": [],
      "properties": {
        "order": 58,
        "id": 23,
        "name": "view-top",
        "prevSize": 32,
        "code": 59653
      },
      "setIdx": 0,
      "setId": 4,
      "iconIdx": 24
    },
    {
      "icon": {
        "paths": [
          "M1088 128h-64v-64c0-35.2-28.8-64-64-64h-896c-35.2 0-64 28.8-64 64v768c0 35.2 28.8 64 64 64h64v64c0 35.2 28.8 64 64 64h896c35.2 0 64-28.8 64-64v-768c0-35.2-28.8-64-64-64zM128 192v640h-63.886c-0.040-0.034-0.082-0.076-0.114-0.116v-767.77c0.034-0.040 0.076-0.082 0.114-0.114h895.77c0.040 0.034 0.082 0.076 0.116 0.116v63.884h-768c-35.2 0-64 28.8-64 64v0zM1088 959.884c-0.034 0.040-0.076 0.082-0.116 0.116h-895.77c-0.040-0.034-0.082-0.076-0.114-0.116v-767.77c0.034-0.040 0.076-0.082 0.114-0.114h895.77c0.040 0.034 0.082 0.076 0.116 0.116v767.768z",
          "M960 352c0 53.020-42.98 96-96 96s-96-42.98-96-96 42.98-96 96-96 96 42.98 96 96z",
          "M1024 896h-768v-128l224-384 256 320h64l224-192z"
        ],
        "width": 1152,
        "attrs": [],
        "isMulticolor": false,
        "isMulticolor2": false,
        "colorPermutations": {},
        "tags": [
          "images",
          "pictures",
          "photos",
          "graphics"
        ],
        "defaultCode": 59662,
        "grid": 16
      },
      "attrs": [],
      "properties": {
        "ligatures": "images, pictures",
        "name": "scenes",
        "order": 2,
        "id": 24,
        "prevSize": 32,
        "code": 59662
      },
      "setIdx": 0,
      "setId": 4,
      "iconIdx": 25
    },
    {
      "icon": {
        "paths": [
          "M304 608c0 114.876 93.124 208 208 208s208-93.124 208-208-93.124-208-208-208-208 93.124-208 208zM960 256h-224c-16-64-32-128-96-128h-256c-64 0-80 64-96 128h-224c-35.2 0-64 28.8-64 64v576c0 35.2 28.8 64 64 64h896c35.2 0 64-28.8 64-64v-576c0-35.2-28.8-64-64-64zM512 892c-156.85 0-284-127.148-284-284 0-156.85 127.15-284 284-284 156.852 0 284 127.15 284 284 0 156.852-127.146 284-284 284zM960 448h-128v-64h128v64z"
        ],
        "attrs": [],
        "isMulticolor": false,
        "isMulticolor2": false,
        "colorPermutations": {},
        "tags": [
          "camera",
          "photo",
          "picture",
          "image"
        ],
        "defaultCode": 59663,
        "grid": 16
      },
      "attrs": [],
      "properties": {
        "ligatures": "camera, photo",
        "name": "snapshot",
        "order": 4,
        "id": 25,
        "prevSize": 32,
        "code": 59663
      },
      "setIdx": 0,
      "setId": 4,
      "iconIdx": 26
    },
    {
      "icon": {
        "paths": [
          "M917.806 229.076c-22.212-30.292-53.174-65.7-87.178-99.704s-69.412-64.964-99.704-87.178c-51.574-37.82-76.592-42.194-90.924-42.194h-496c-44.112 0-80 35.888-80 80v864c0 44.112 35.888 80 80 80h736c44.112 0 80-35.888 80-80v-624c0-14.332-4.372-39.35-42.194-90.924zM785.374 174.626c30.7 30.7 54.8 58.398 72.58 81.374h-153.954v-153.946c22.984 17.78 50.678 41.878 81.374 72.572zM896 944c0 8.672-7.328 16-16 16h-736c-8.672 0-16-7.328-16-16v-864c0-8.672 7.328-16 16-16 0 0 495.956-0.002 496 0v224c0 17.672 14.326 32 32 32h224v624z"
        ],
        "attrs": [],
        "isMulticolor": false,
        "isMulticolor2": false,
        "colorPermutations": {},
        "tags": [
          "file-empty",
          "file",
          "document",
          "paper",
          "page",
          "new",
          "empty",
          "blank"
        ],
        "defaultCode": 59684,
        "grid": 16
      },
      "attrs": [],
      "properties": {
        "ligatures": "file-empty, file3",
        "name": "file",
        "order": 7,
        "id": 26,
        "prevSize": 32,
        "code": 59684
      },
      "setIdx": 0,
      "setId": 4,
      "iconIdx": 27
    },
    {
      "icon": {
        "paths": [
          "M917.806 357.076c-22.21-30.292-53.174-65.7-87.178-99.704s-69.412-64.964-99.704-87.178c-51.574-37.82-76.592-42.194-90.924-42.194h-368c-44.114 0-80 35.888-80 80v736c0 44.112 35.886 80 80 80h608c44.112 0 80-35.888 80-80v-496c0-14.332-4.372-39.35-42.194-90.924zM785.374 302.626c30.7 30.7 54.8 58.398 72.58 81.374h-153.954v-153.946c22.982 17.78 50.678 41.878 81.374 72.572v0zM896 944c0 8.672-7.328 16-16 16h-608c-8.672 0-16-7.328-16-16v-736c0-8.672 7.328-16 16-16 0 0 367.956-0.002 368 0v224c0 17.672 14.324 32 32 32h224v496z",
          "M602.924 42.196c-51.574-37.822-76.592-42.196-90.924-42.196h-368c-44.112 0-80 35.888-80 80v736c0 38.632 27.528 70.958 64 78.39v-814.39c0-8.672 7.328-16 16-16h486.876c-9.646-7.92-19.028-15.26-27.952-21.804z"
        ],
        "attrs": [],
        "isMulticolor": false,
        "isMulticolor2": false,
        "colorPermutations": {},
        "tags": [
          "files-empty",
          "files",
          "documents",
          "papers",
          "pages"
        ],
        "defaultCode": 59685,
        "grid": 16
      },
      "attrs": [],
      "properties": {
        "ligatures": "files-empty, files",
        "name": "files",
        "order": 8,
        "id": 27,
        "prevSize": 32,
        "code": 59685
      },
      "setIdx": 0,
      "setId": 4,
      "iconIdx": 28
    },
    {
      "icon": {
        "paths": [
          "M832 960l192-512h-832l-192 512zM128 384l-128 576v-832h288l128 128h416v128z"
        ],
        "attrs": [],
        "isMulticolor": false,
        "isMulticolor2": false,
        "colorPermutations": {},
        "tags": [
          "folder-open",
          "directory",
          "category",
          "browse"
        ],
        "defaultCode": 59696,
        "grid": 16
      },
      "attrs": [],
      "properties": {
        "ligatures": "folder-open, directory2",
        "name": "open-folder",
        "order": 9,
        "id": 28,
        "prevSize": 32,
        "code": 59696
      },
      "setIdx": 0,
      "setId": 4,
      "iconIdx": 29
    },
    {
      "icon": {
        "paths": [
          "M512 576l256-256h-192v-256h-128v256h-192zM744.726 471.272l-71.74 71.742 260.080 96.986-421.066 157.018-421.066-157.018 260.080-96.986-71.742-71.742-279.272 104.728v256l512 192 512-192v-256z"
        ],
        "attrs": [],
        "isMulticolor": false,
        "isMulticolor2": false,
        "colorPermutations": {},
        "tags": [
          "download",
          "save",
          "store",
          "arrow"
        ],
        "defaultCode": 59744,
        "grid": 16
      },
      "attrs": [],
      "properties": {
        "ligatures": "download, save",
        "name": "load",
        "order": 10,
        "id": 29,
        "prevSize": 32,
        "code": 59744
      },
      "setIdx": 0,
      "setId": 4,
      "iconIdx": 30
    },
    {
      "icon": {
        "paths": [
          "M128 320v640c0 35.2 28.8 64 64 64h576c35.2 0 64-28.8 64-64v-640h-704zM320 896h-64v-448h64v448zM448 896h-64v-448h64v448zM576 896h-64v-448h64v448zM704 896h-64v-448h64v448z",
          "M848 128h-208v-80c0-26.4-21.6-48-48-48h-224c-26.4 0-48 21.6-48 48v80h-208c-26.4 0-48 21.6-48 48v80h832v-80c0-26.4-21.6-48-48-48zM576 128h-192v-63.198h192v63.198z"
        ],
        "attrs": [],
        "isMulticolor": false,
        "isMulticolor2": false,
        "colorPermutations": {},
        "tags": [
          "bin",
          "trashcan",
          "remove",
          "delete",
          "recycle",
          "dispose"
        ],
        "defaultCode": 59820,
        "grid": 16
      },
      "attrs": [],
      "properties": {
        "ligatures": "bin, trashcan",
        "name": "delete",
        "order": 16,
        "id": 30,
        "prevSize": 32,
        "code": 59820
      },
      "setIdx": 0,
      "setId": 4,
      "iconIdx": 31
    },
    {
      "icon": {
        "paths": [
          "M891.004 360.060c-3.242-128.698-108.458-232.060-237.862-232.060-75.792 0-143.266 35.494-186.854 90.732-24.442-31.598-62.69-51.96-105.708-51.96-73.81 0-133.642 59.876-133.642 133.722 0 6.436 0.48 12.76 1.364 18.954-11.222-2.024-22.766-3.138-34.57-3.138-106.998-0.002-193.732 86.786-193.732 193.842 0 107.062 86.734 193.848 193.73 193.848h91.76l226.51 234.51 226.51-234.51 111.482-0.012c96.138-0.184 174.008-78.21 174.008-174.446 0-82.090-56.678-150.9-132.996-169.482zM512 832l-192-192h128v-192h128v192h128l-192 192z"
        ],
        "attrs": [],
        "isMulticolor": false,
        "isMulticolor2": false,
        "colorPermutations": {},
        "tags": [
          "cloud-download",
          "cloud",
          "save",
          "download"
        ],
        "defaultCode": 59842,
        "grid": 16
      },
      "attrs": [],
      "properties": {
        "ligatures": "cloud-download, cloud2",
        "name": "download",
        "order": 17,
        "id": 31,
        "prevSize": 32,
        "code": 59842
      },
      "setIdx": 0,
      "setId": 4,
      "iconIdx": 32
    },
    {
      "icon": {
        "paths": [
          "M892.268 386.49c2.444-11.11 3.732-22.648 3.732-34.49 0-88.366-71.634-160-160-160-14.222 0-28.014 1.868-41.132 5.352-24.798-77.352-97.29-133.352-182.868-133.352-87.348 0-161.054 58.336-184.326 138.17-22.742-6.622-46.792-10.17-71.674-10.17-141.384 0-256 114.616-256 256 0 141.388 114.616 256 256 256h128v192h256v-192h224c88.366 0 160-71.632 160-160 0-78.72-56.854-144.162-131.732-157.51zM576 640v192h-128v-192h-160l224-224 224 224h-160z"
        ],
        "attrs": [],
        "isMulticolor": false,
        "isMulticolor2": false,
        "colorPermutations": {},
        "tags": [
          "cloud-upload",
          "cloud",
          "load",
          "upload"
        ],
        "defaultCode": 59843,
        "grid": 16
      },
      "attrs": [],
      "properties": {
        "ligatures": "cloud-upload, cloud3",
        "name": "upload",
        "order": 18,
        "id": 32,
        "prevSize": 32,
        "code": 59843
      },
      "setIdx": 0,
      "setId": 4,
      "iconIdx": 33
    },
    {
      "icon": {
        "paths": [
          "M864 0h-768c-52.8 0-96 43.2-96 96v832c0 52.8 43.2 96 96 96h768c52.8 0 96-43.2 96-96v-832c0-52.8-43.2-96-96-96zM832 896h-704v-768h704v768zM256 448h448v64h-448zM256 576h448v64h-448zM256 704h448v64h-448zM256 320h448v64h-448z"
        ],
        "attrs": [],
        "isMulticolor": false,
        "isMulticolor2": false,
        "colorPermutations": {},
        "tags": [
          "file-text",
          "file",
          "document",
          "list",
          "paper"
        ],
        "defaultCode": 59682,
        "grid": 16
      },
      "attrs": [],
      "properties": {
        "ligatures": "file-text, file",
        "name": "file-text",
        "order": 6,
        "id": 33,
        "prevSize": 32,
        "code": 59682
      },
      "setIdx": 0,
      "setId": 4,
      "iconIdx": 34
    },
    {
      "icon": {
        "paths": [
          "M933.79 610.25c-53.726-93.054-21.416-212.304 72.152-266.488l-100.626-174.292c-28.75 16.854-62.176 26.518-97.846 26.518-107.536 0-194.708-87.746-194.708-195.99h-201.258c0.266 33.41-8.074 67.282-25.958 98.252-53.724 93.056-173.156 124.702-266.862 70.758l-100.624 174.292c28.97 16.472 54.050 40.588 71.886 71.478 53.638 92.908 21.512 211.92-71.708 266.224l100.626 174.292c28.65-16.696 61.916-26.254 97.4-26.254 107.196 0 194.144 87.192 194.7 194.958h201.254c-0.086-33.074 8.272-66.57 25.966-97.218 53.636-92.906 172.776-124.594 266.414-71.012l100.626-174.29c-28.78-16.466-53.692-40.498-71.434-71.228zM512 719.332c-114.508 0-207.336-92.824-207.336-207.334 0-114.508 92.826-207.334 207.336-207.334 114.508 0 207.332 92.826 207.332 207.334-0.002 114.51-92.824 207.334-207.332 207.334z"
        ],
        "attrs": [],
        "isMulticolor": false,
        "isMulticolor2": false,
        "colorPermutations": {},
        "tags": [
          "cog",
          "gear",
          "preferences",
          "settings",
          "generate",
          "control",
          "options"
        ],
        "defaultCode": 59796,
        "grid": 16
      },
      "attrs": [],
      "properties": {
        "ligatures": "cog, gear",
        "name": "tools",
        "order": 7,
        "id": 34,
        "prevSize": 32,
        "code": 59796
      },
      "setIdx": 0,
      "setId": 4,
      "iconIdx": 35
    },
    {
      "icon": {
        "paths": [
          "M1024 0h-416l160 160-192 192 96 96 192-192 160 160z",
          "M1024 1024v-416l-160 160-192-192-96 96 192 192-160 160z",
          "M0 1024h416l-160-160 192-192-96-96-192 192-160-160z",
          "M0 0v416l160-160 192 192 96-96-192-192 160-160z"
        ],
        "attrs": [],
        "isMulticolor": false,
        "isMulticolor2": false,
        "tags": [
          "enlarge",
          "expand",
          "maximize",
          "fullscreen"
        ],
        "defaultCode": 59785,
        "grid": 16
      },
      "attrs": [],
      "properties": {
        "ligatures": "enlarge, expand",
        "name": "view-fit",
        "order": 64,
        "id": 35,
        "prevSize": 32,
        "code": 59785
      },
      "setIdx": 0,
      "setId": 4,
      "iconIdx": 36
    },
    {
      "icon": {
        "paths": [
          "M761.862 1024c113.726-206.032 132.888-520.306-313.862-509.824v253.824l-384-384 384-384v248.372c534.962-13.942 594.57 472.214 313.862 775.628z"
        ],
        "attrs": [],
        "isMulticolor": false,
        "isMulticolor2": false,
        "tags": [
          "undo",
          "left",
          "arrow-left"
        ],
        "defaultCode": 59751,
        "grid": 16
      },
      "attrs": [],
      "properties": {
        "ligatures": "undo2, left",
        "name": "undo",
        "order": 109,
        "id": 36,
        "prevSize": 32,
        "code": 59751
      },
      "setIdx": 0,
      "setId": 4,
      "iconIdx": 37
    }
  ],
  "height": 1024,
  "metadata": {
    "name": "icomoon"
  },
  "preferences": {
    "showGlyphs": true,
    "showQuickUse": true,
    "showQuickUse2": true,
    "showSVGs": true,
    "fontPref": {
      "prefix": "icon-",
      "metadata": {
        "fontFamily": "icomoon"
      },
      "metrics": {
        "emSize": 1024,
        "baseline": 6.25,
        "whitespace": 50
      },
      "embed": false
    },
    "imagePref": {
      "prefix": "icon-",
      "png": true,
      "useClassSelector": true,
      "color": 0,
      "bgColor": 16777215,
      "classSelector": ".icon"
    },
    "historySize": 100,
    "showCodes": true,
    "gridSize": 16
  }
}